category,subcategory,chemical_type,name_cn,name_en,cas,threshold,flavor,source
一、肉类高汤（牛肉汤 / 鸡肉汤 / 猪肉汤）Meat Broth,硫醇类,,2-呋喃甲硫醇,2-Furfurylthiol (FFT),98-02-2,0.005 ppb（水）,烤咖啡、焦糖、烧焦、橡胶、烤肉香,熟肉、咖啡、高汤
一、肉类高汤（牛肉汤 / 鸡肉汤 / 猪肉汤）Meat Broth,硫醇类,,"2,5-二甲基-3-呋喃硫醇","2,5-Dimethyl-3-furanthiol",—,0.0035–0.014 ng/L（空气）,牛肉味、木质香,熟肉、咖啡、高汤
一、肉类高汤（牛肉汤 / 鸡肉汤 / 猪肉汤）Meat Broth,硫醇类,,3-巯基-2-戊酮,3-Mercapto-2-pentanone,67633-97-0,肉中 55–73 μg/kg；水阈值未检索到,烤肉味、肉香,牛肉、猪肉熟肉
一、肉类高汤（牛肉汤 / 鸡肉汤 / 猪肉汤）Meat Broth,硫醇类,,2-巯基-3-戊酮,2-Mercapto-3-pentanone,17042-24-9,肉中 20–44 μg/kg；水阈值未检索到,烤肉味,牛肉、猪肉熟肉
一、肉类高汤（牛肉汤 / 鸡肉汤 / 猪肉汤）Meat Broth,二硫化物 / 三硫化物,,二甲基三硫醚,Dimethyl trisulfide,3658-80-8,0.01 μg/L（水）,硫化物味、熟洋葱、肉香,熟肉、炖煮过程
一、肉类高汤（牛肉汤 / 鸡肉汤 / 猪肉汤）Meat Broth,二硫化物 / 三硫化物,,二甲基二硫醚,Dimethyl disulfide,624-92-0,0.01–0.25 μg/L（水）,卷心菜、葱蒜、硫化物味,肉类、洋葱、大蒜
一、肉类高汤（牛肉汤 / 鸡肉汤 / 猪肉汤）Meat Broth,二硫化物 / 三硫化物,,二甲基硫醚,Dimethyl sulfide,75-18-3,0.003 ppm（空气）,硫磺、卷心菜、萝卜味,肉类/海鲜加工
一、肉类高汤（牛肉汤 / 鸡肉汤 / 猪肉汤）Meat Broth,噻唑类 / 噻唑啉类,,2-乙酰基噻唑,2-Acetylthiazole,24295-03-2,资料列示 10 ng,坚果、爆米花、烤香、肉香,熟肉、高汤、烤香体系
一、肉类高汤（牛肉汤 / 鸡肉汤 / 猪肉汤）Meat Broth,噻唑类 / 噻唑啉类,,2-乙基-4-甲基噻唑,2-Ethyl-4-methylthiazole,15679-12-6,水/汤阈值未检索到,坚果、开心果、咖啡、硫磺、肉香,熟肉、肉汤
一、肉类高汤（牛肉汤 / 鸡肉汤 / 猪肉汤）Meat Broth,噻唑类 / 噻唑啉类,,"2,4,5-三甲基噻唑","2,4,5-Trimethylthiazole",13623-11-5,约 10 ppb（空气）,爆米花、坚果、甜味、烤香,熟肉、咖啡、马铃薯
一、肉类高汤（牛肉汤 / 鸡肉汤 / 猪肉汤）Meat Broth,噻唑类 / 噻唑啉类,,"2,5-二甲基噻唑","2,5-Dimethylthiazole",541-58-2,0.018 mg/kg（基质）,烤香、坚果,熟肉、烤香体系
一、肉类高汤（牛肉汤 / 鸡肉汤 / 猪肉汤）Meat Broth,噻唑类 / 噻唑啉类,,2-乙酰基-2-噻唑啉,2-Acetyl-2-thiazoline,—,"1,300 ng/L（水）",烤香、肉香相关,面包、熟肉
一、肉类高汤（牛肉汤 / 鸡肉汤 / 猪肉汤）Meat Broth,1.2 醛类,,3-甲基丁醛,3-Methylbutanal,590-86-3,0.01 μg/L（水）,麦芽、巧克力、杏仁,熟肉、发酵食品；亮氨酸降解
一、肉类高汤（牛肉汤 / 鸡肉汤 / 猪肉汤）Meat Broth,1.2 醛类,,己醛,Hexanal,66-25-1,0.21 mg/kg（食品基质）,青草、酸败、刺激性气味,肉类、油脂氧化
一、肉类高汤（牛肉汤 / 鸡肉汤 / 猪肉汤）Meat Broth,1.2 醛类,,庚醛,Heptanal,111-71-7,3.00 μg/kg（食品基质）,坚果、果香,不同烹饪方法肉类
一、肉类高汤（牛肉汤 / 鸡肉汤 / 猪肉汤）Meat Broth,1.2 醛类,,"(E,Z)-2,4-癸二烯醛","(E,Z)-2,4-Decadienal",25152-83-4,高汤中 FD 因子较高,脂肪、青草、烤香、油炸,鸡肉汤、牛肉汤；脂质氧化
一、肉类高汤（牛肉汤 / 鸡肉汤 / 猪肉汤）Meat Broth,1.2 醛类,,"(E,E)-2,4-癸二烯醛","(E,E)-2,4-Decadienal",25152-84-5,ppb～ppt 级,脂肪、油炸、蜡质、柑橘,鸡肉汤、牛肉汤
一、肉类高汤（牛肉汤 / 鸡肉汤 / 猪肉汤）Meat Broth,1.2 醛类,,12-甲基十三醛,12-Methyltridecanal,75853-49-5,ppb～ppt 级,牛肉脂肪特征香、牛脂味,牛肉汤、炖牛肉
一、肉类高汤（牛肉汤 / 鸡肉汤 / 猪肉汤）Meat Broth,1.2 醛类,,3-巯基-2-甲基戊-1-醇,3-Mercapto-2-methylpentan-1-ol,227456-27-1,—,对牛肉/猪肉肉汁香气显著贡献,牛肉、猪肉肉汁
一、肉类高汤（牛肉汤 / 鸡肉汤 / 猪肉汤）Meat Broth,1.3 酮类,,2-庚酮,2-Heptanone,110-43-0,"140–3,000 ng/L（水）",香蕉、果香、奶酪,肉类、乳制品
一、肉类高汤（牛肉汤 / 鸡肉汤 / 猪肉汤）Meat Broth,1.3 酮类,,2-壬酮,2-Nonanone,821-55-6,5–200 ng/L（水）,果香、奶酪、黄油,肉类、乳制品
一、肉类高汤（牛肉汤 / 鸡肉汤 / 猪肉汤）Meat Broth,1.4 醇类,,1-辛烯-3-醇,1-Octen-3-ol,3391-86-4,1.5 μg/kg（食品基质）,蘑菇、泥土、青草、油脂,熟肉、肉类热加工
一、肉类高汤（牛肉汤 / 鸡肉汤 / 猪肉汤）Meat Broth,1.5 吡嗪类,,"2,6-二甲基吡嗪","2,6-Dimethylpyrazine",108-50-9,30 ppb（水）,坚果、烤香、咖啡,熟肉、咖啡、烤香体系
一、肉类高汤（牛肉汤 / 鸡肉汤 / 猪肉汤）Meat Broth,1.5 吡嗪类,,"2-乙基-3,5-二甲基吡嗪","2-Ethyl-3,5-dimethylpyrazine",13925-07-0,0.002–0.04 ppb（水）,泥土、土豆、烤香,熟肉、发酵/烤香体系
一、肉类高汤（牛肉汤 / 鸡肉汤 / 猪肉汤）Meat Broth,1.5 吡嗪类,,"2,3,5-三甲基吡嗪","2,3,5-Trimethylpyrazine",14667-55-1,400 μg/L（水）,坚果、烘烤土豆、烤花生、可可,熟肉、烤香体系
一、肉类高汤（牛肉汤 / 鸡肉汤 / 猪肉汤）Meat Broth,1.5 吡嗪类,,乙酰吡嗪,2-Acetylpyrazine,22047-25-2,0.06 mg/kg（食品基质）,烤香、肉香,熟肉、烤香体系
一、肉类高汤（牛肉汤 / 鸡肉汤 / 猪肉汤）Meat Broth,1.6 内酯类,,γ-己内酯,γ-Hexalactone,695-06-7,100 ppb（水）,奶油、桃香、奶香、果香,熟肉、和牛研究
一、肉类高汤（牛肉汤 / 鸡肉汤 / 猪肉汤）Meat Broth,1.6 内酯类,,γ-十一内酯,γ-Undecalactone,104-67-6,—,果香、奶油、油脂、椰子、桃香、乳香,干熟肉、低脂乳制品
二、乳制品 Dairy,醛类,,乙醛,Acetaldehyde,75-07-0,约 0.2–2.0 ppm,辛辣、果香、青苹果,发酵乳、牛乳
二、乳制品 Dairy,醛类,,己醛,Hexanal,66-25-1,约 0.19 ppm,青草、油脂味,牛乳、稀奶油（氧化标志）
二、乳制品 Dairy,醛类,,(E)-2-壬烯醛,(E)-2-Nonenal,18829-56-6,—,黄瓜、油脂、青草味,牛乳、稀奶油
二、乳制品 Dairy,醛类,,壬醛,Nonanal,124-19-6,—,青草味、陈化味,稀奶油、黄油
二、乳制品 Dairy,含硫化合物,,二甲基硫醚,Dimethyl sulfide,75-18-3,约 0.3–1.0 ppb,煮熟、硫磺、甜玉米味,UHT 牛乳、热处理乳
二、乳制品 Dairy,含硫化合物,,二甲基二硫醚,Dimethyl disulfide,624-92-0,约 0.16–0.5 ppb,洋葱、卷心菜味,热处理乳
二、乳制品 Dairy,含硫化合物,,甲硫醇,Methanethiol,74-93-1,约 0.02–0.1 ppb,硫磺、腐臭味,热处理乳
二、乳制品 Dairy,内酯类,,δ-十二内酯,δ-Dodecalactone,713-95-1,约 0.05–0.5 ppm,奶油、椰子、黄油味,牛乳、稀奶油、黄油
二、乳制品 Dairy,内酯类,,δ-十四内酯,δ-Tetradecalactone,2721-22-4,—（高于阈值时增强鼻后奶油香）,奶油香气,稀奶油
二、乳制品 Dairy,内酯类,,(Z)-6-十二烯-γ-内酯,(Z)-6-Dodecen-γ-lactone,18679-18-0,—,乳香、奶油、奶香味,发酵黄油
二、乳制品 Dairy,游离脂肪酸与发酵产物,,辛酸,Octanoic acid,124-07-2,—,奶香、酸败味,稀奶油、黄油
二、乳制品 Dairy,游离脂肪酸与发酵产物,,双乙酰,Diacetyl,431-03-8,约 0.055 ppm,黄油、奶油味,黄油、发酵黄油
三、茶汤 Tea Infusion,3.1 C6 醛醇类（青草/青香）,,己醛,Hexanal,66-25-1,4.5 μg/L；气相 0.23 mg/m³,青草、绿原、新鲜,绿茶、白茶、红茶、黄茶、黑茶、花茶
三、茶汤 Tea Infusion,3.1 C6 醛醇类（青草/青香）,,(E)-2-己烯醛,(E)-2-Hexenal,6728-26-3,1.7 μg/L,青草、绿原,白茶、绿茶、红茶
三、茶汤 Tea Infusion,3.1 C6 醛醇类（青草/青香）,,庚醛,Heptanal,111-71-7,0.26 mg/m³（气相）,青草、油腻、grassy,白茶、绿茶
三、茶汤 Tea Infusion,3.1 C6 醛醇类（青草/青香）,,辛醛,Octanal,124-13-0,—,柑橘、肥皂、柠檬、草本、蜂蜜,红茶、白茶
三、茶汤 Tea Infusion,3.1 C6 醛醇类（青草/青香）,,壬醛,Nonanal,124-19-6,1.1 μg/L,甜、花香、绿原,白茶、乌龙茶、红茶
三、茶汤 Tea Infusion,3.1 C6 醛醇类（青草/青香）,,癸醛,Decanal,112-31-2,0.1 μg/L；0.0026 mg/m³（气相）,柑橘、肥皂、橙皮、蜡质、花香、甜,绿茶、白茶、乌龙茶、黑茶
三、茶汤 Tea Infusion,3.1 C6 醛醇类（青草/青香）,,"(E,E)-2,4-庚二烯醛","(E,E)-2,4-Heptadienal",4170-30-3,—,陈化、陈味相关,黑茶（普洱）
三、茶汤 Tea Infusion,3.2 萜烯类与含氧萜类,,芳樟醇,Linalool,78-70-6,0.87 μg/L（茶汤）；4.09 ppb（气相）,花香、甜、柑橘、木香,白茶、红茶、绿茶、黑茶、乌龙茶
三、茶汤 Tea Infusion,3.2 萜烯类与含氧萜类,,反式-芳樟醇氧化物,trans-Linalool oxide,34995-77-2,8.31 ppb（气相）,土腥、花香、奶油,红茶、黑茶
三、茶汤 Tea Infusion,3.2 萜烯类与含氧萜类,,顺式-芳樟醇氧化物,cis-Linalool oxide,5989-33-3,0.82 ppb（气相）,土腥、花香、甜、木香,红茶
三、茶汤 Tea Infusion,3.2 萜烯类与含氧萜类,,香叶醇,Geraniol,106-24-1,6.6 μg/L,花香、玫瑰样,红茶、乌龙茶
三、茶汤 Tea Infusion,3.2 萜烯类与含氧萜类,,橙花叔醇,Nerolidol,7212-44-4,0.25 μg/kg,花香、绿原、柑橘,白茶、乌龙茶
三、茶汤 Tea Infusion,3.2 萜烯类与含氧萜类,,反式-橙花叔醇,trans-Nerolidol,40716-66-3,250 μg/kg,微弱的橙花样花香,白茶、乌龙茶
三、茶汤 Tea Infusion,3.2 萜烯类与含氧萜类,,香茅醇,Citronellol,106-22-9,40 μg/L,花香、玫瑰、青柠,红茶、黑茶
三、茶汤 Tea Infusion,3.2 萜烯类与含氧萜类,,"桉叶素（1,8-桉叶油素）","Eucalyptol / 1,8-Cineole",470-82-6,15 μg/L,桉叶、草本、樟脑、药香,红茶、黑茶
三、茶汤 Tea Infusion,3.2 萜烯类与含氧萜类,,香叶醇氧化物,Geraniol oxide,4111-59-5,—,花香、甜,红茶、黑茶
三、茶汤 Tea Infusion,3.2 萜烯类与含氧萜类,,芳樟醇氧化物 III（吡喃型）,Linalool oxide III (pyranoid),14049-11-7,—,花香、木香,黑茶
三、茶汤 Tea Infusion,3.2 萜烯类与含氧萜类,,柠檬烯,Limonene,138-86-3,—,柑橘、草本,红茶、黑茶
三、茶汤 Tea Infusion,3.3 吡嗪类（烘烤/坚果）,,2-甲基吡嗪,2-Methylpyrazine,109-08-0,1.8 μg/kg,坚果、烘烤食品味,乌龙茶（武夷岩茶）
三、茶汤 Tea Infusion,3.3 吡嗪类（烘烤/坚果）,,"2,3-二乙基-5-甲基吡嗪","2,3-Diethyl-5-methylpyrazine",18138-04-0,—,坚果、烘烤,乌龙茶
三、茶汤 Tea Infusion,3.3 吡嗪类（烘烤/坚果）,,"2,3,6-三甲基吡嗪","2,3,6-Trimethylpyrazine",14667-55-1,—,坚果、烘烤,红茶、黑茶
三、茶汤 Tea Infusion,3.4 含硫化合物（鲜香/熟香/陈香）,,二甲基硫醚,Dimethyl sulfide,75-18-3,0.3 μg/L；0.3 mg/kg（茶汤）,玉米样、卷心菜、硫样、湿土,绿茶、红茶、黑茶
三、茶汤 Tea Infusion,3.4 含硫化合物（鲜香/熟香/陈香）,,甲硫醇,Methanethiol,74-93-1,0.02–2.0 μg/L（水）,腐臭、粪便、卷心菜,绿茶、黑茶
三、茶汤 Tea Infusion,3.4 含硫化合物（鲜香/熟香/陈香）,,二乙基二硫化物,Diethyl disulfide,110-81-6,—,熟香、硫味,绿茶、黑茶
三、茶汤 Tea Infusion,3.4 含硫化合物（鲜香/熟香/陈香）,,p-薄荷烯-8-硫醇,p-Menthene-8-thiol,110434-10-1,—,硫味,绿茶
三、茶汤 Tea Infusion,3.4 含硫化合物（鲜香/熟香/陈香）,,"3,4-二甲基噻吩","3,4-Dimethylthiophene",632-15-5,—,硫味,绿茶/发酵茶
三、茶汤 Tea Infusion,3.5 酯类（果香/甜香）,,(Z)-3-己烯基己酸酯,(Z)-3-Hexenyl hexanoate,74298-89-8,16 μg/L,柔嫩、fresh、clean,绿茶
三、茶汤 Tea Infusion,3.5 酯类（果香/甜香）,,己酸己酯,Hexyl hexanoate,6378-65-0,—,果香、花香,乌龙茶
三、茶汤 Tea Infusion,3.6 其他重要香气化合物,,(E)-β-紫罗兰酮,(E)-β-Ionone,14901-07-6,—,紫罗兰、木香,乌龙茶、黑茶
三、茶汤 Tea Infusion,3.6 其他重要香气化合物,,α-紫罗兰酮,α-Ionone,127-41-3,0.4 μg/kg,木香、紫罗兰香气,乌龙茶（武夷岩茶）
三、茶汤 Tea Infusion,3.6 其他重要香气化合物,,β-紫罗兰酮,β-Ionone,79-77-6,0.007 ppb,紫罗兰、木质、果香,红茶、乌龙茶、黑茶
三、茶汤 Tea Infusion,3.6 其他重要香气化合物,,吲哚,Indole,120-72-9,40 μg/L,浓：橡胶味；淡：花香,乌龙茶、黑茶
四、柑橘类水果 Citrus,4.1 萜烯类与含氧萜类,,β-月桂烯,β-Myrcene,123-35-3,1.5 μg/kg；0.045 mg/kg,青草味、柑橘味、脂肪味,
四、柑橘类水果 Citrus,4.1 萜烯类与含氧萜类,,α-蒎烯,α-Pinene,80-56-8,14 μg/kg（水）,清香、松木香,
四、柑橘类水果 Citrus,4.1 萜烯类与含氧萜类,,β-蒎烯,β-Pinene,127-91-3,—,松木香、树脂香、木质,
四、柑橘类水果 Citrus,4.1 萜烯类与含氧萜类,,桧烯,Sabinene,3387-41-5,—,辛香、木质、柑橘,
四、柑橘类水果 Citrus,4.1 萜烯类与含氧萜类,,γ-萜品烯,γ-Terpinene,99-85-4,—,柑橘、药草香、热带水果,
四、柑橘类水果 Citrus,4.1 萜烯类与含氧萜类,,萜品油烯,Terpinolene,586-62-9,—,甜香、松木香、花香、柑橘,
四、柑橘类水果 Citrus,4.1 萜烯类与含氧萜类,,巴伦西亚橘烯,Valencene,4630-07-3,—,甜香、柑橘、橙子样,
四、柑橘类水果 Citrus,4.1 萜烯类与含氧萜类,,β-石竹烯,β-Caryophyllene,87-44-5,—,木质、辛香、丁香样,
四、柑橘类水果 Citrus,4.1 萜烯类与含氧萜类,,大牻牛儿烯 D,Germacrene D,23986-74-5,—,木质、辛香、青草,
四、柑橘类水果 Citrus,4.1 萜烯类与含氧萜类,,萜品-4-醇,Terpinen-4-ol,562-74-3,—,木质、泥土、辛香,
四、柑橘类水果 Citrus,4.1 萜烯类与含氧萜类,,橙花醇,Nerol,106-82-1,约 300 μg/L；60 ng/L,清新甜花香、玫瑰样,
四、柑橘类水果 Citrus,4.1 萜烯类与含氧萜类,,橙花叔醇,Nerolidol,7212-44-4,—,木质、花香、青草,
四、柑橘类水果 Citrus,4.1 萜烯类与含氧萜类,,乙酸香茅酯,Citronellyl acetate,150-84-5,1000 μg/kg（水）,柠檬味,
四、柑橘类水果 Citrus,4.1 萜烯类与含氧萜类,,香叶基乙酸酯,Geranyl acetate,105-87-3,—,甜花香、柑橘样,
四、柑橘类水果 Citrus,4.1 萜烯类与含氧萜类,,"1,8-桉叶油素","1,8-Cineole",470-82-6,—,薄荷样、樟脑样,
四、柑橘类水果 Citrus,4.1 萜烯类与含氧萜类,,γ-古芸烯,γ-Gurjunene,22567-17-5,—,酒味、辛辣味,
四、柑橘类水果 Citrus,4.2 醛类,,(Z)-3-己烯醛,(Z)-3-Hexenal,6789-80-6,—,青草、绿叶、刚割草香,
四、柑橘类水果 Citrus,4.2 醛类,,柠檬醛（橙花醛+香叶醛）,Citral,5392-40-5,5–25 ppb（水）,强烈、甜美、柠檬、柑橘,
四、柑橘类水果 Citrus,4.2 醛类,,香茅醛,Citronellal,106-23-0,100 μg/kg（水）,果香、柑橘、柠檬、青草,
四、柑橘类水果 Citrus,4.2 醛类,,"(E,E)-2,4-癸二烯醛","(E,E)-2,4-Decadienal",25152-84-5,0.07 μg/L,脂肪、油炸、蜡质、柑橘,
四、柑橘类水果 Citrus,4.2 醛类,,反-2-十二烯醛,trans-2-Dodecenal,20407-84-5,—,脂肪、柑橘、蜡质,
四、柑橘类水果 Citrus,4.2 醛类,,十二醛,Dodecanal,112-54-9,—,柑橘、蜡质、皂香,
四、柑橘类水果 Citrus,4.4 酯类,,N-甲基邻氨基苯甲酸甲酯,Methyl N-methylanthranilate,85-91-6,约 3 μg/L,葡萄样、花香、柑橘特征,
四、柑橘类水果 Citrus,4.5 酮类,,圆柚酮（诺卡酮）,Nootkatone,4674-50-4,1 ppm（水）；6 ppm（10.5°Bx 复原葡萄柚汁）；>7 ppm 现苦味,强烈果甜、柑橘、葡萄柚果皮、热带水果,
四、柑橘类水果 Citrus,4.5 酮类,,香芹酮,Carvone,99-49-0,—,薄荷、葛缕子、药草,
四、柑橘类水果 Citrus,4.5 酮类,,覆盆子酮,Raspberry ketone,5471-51-2,—,覆盆子样、甜香,
四、柑橘类水果 Citrus,4.5 酮类,,左旋香芹酮,L-α-Carvone,6485-40-1,—,薄荷、香料样,
四、柑橘类水果 Citrus,4.5 酮类,,(E)-β-大马士酮,(E)-β-Damascenone,23726-93-4,—,花香、果香,
四、柑橘类水果 Citrus,4.6 含硫化合物,,1-对-薄荷烯-8-硫醇,1-p-Menthene-8-thiol / Grapefruit mercaptan,71159-90-5,2×10⁻⁵ μg/kg（R型）；8×10⁻⁵ μg/kg（S型）；空气 R 9×10⁻⁵ ng/L，S 6.6×10⁻⁶ ng/L,强烈柑橘、葡萄柚、多汁、硫化、热果香,
四、柑橘类水果 Citrus,4.6 含硫化合物,,"2,8-环硫-(Z)-月桂烷","2,8-Epithio-(Z)-p-menthane",68398-18-5,—,热带水果、硫样,
四、柑橘类水果 Citrus,4.6 含硫化合物,,硫化氢,Hydrogen sulfide,7783-06-4,—,臭鸡蛋、硫样,
四、柑橘类水果 Citrus,4.6 含硫化合物,,甲硫醇,Methanethiol,74-93-1,—,硫样、卷心菜,
五、发酵食品 Fermented Foods,酱油,其他,2-甲基-3-呋喃硫醇,2-methyl-3-furanthiol,28588-74-1,0.007 μg/kg（水）；空气 0.0025 ng/L,烤肉味、肉香、坚果香、Savory,牛肉、鸡肉、猪肉高汤；熟肉、牛肉汤、酱油、鸡肉汤
五、发酵食品 Fermented Foods,酱油,含硫化合物,3-甲硫基丙醛（甲硫醛）,3-(methylsulfanyl)propanal,3268-49-3,约 0.2 μg/kg（水）；乙醇-水体系约 7.1 μg/L,煮土豆、肉香、硫化物香、刺激性气味,炖牛肉、高汤；蛋氨酸 Strecker 降解、白酒（浓香型、陈酿）、酱油、米酒/黄酒、肉类高汤、白酒、黄酒、熟肉
五、发酵食品 Fermented Foods,酱油,其他,双(2-甲基-3-呋喃基)二硫醚,Bis(2-methyl-3-furyl) disulfide,28588-75-2,0.022 ng/L（水）,肉香、硫化物、金属感,熟肉、火腿；含硫呋喃反应产物、牛肉汤、酱油、鸡肉汤
五、发酵食品 Fermented Foods,米酒/黄酒,其他,苯并噻唑,Benzothiazole,,80 ng/L（水）,肉香、硫磺味,熟肉、高汤、牛肉汤、米酒/黄酒、鸡肉汤
五、发酵食品 Fermented Foods,酱油,醛类,2-甲基丁醛,2-methylbutanal,96-17-3,约 4–20 μg/L（水）,麦芽香、可可香、坚果香、青香,熟肉、鸡肉、羊肉；氨基酸代谢、奶油（鲜奶油香气模型）、牛肉汤、米酒/黄酒、茶叶（红茶）、蚝油、酱油、鸡肉汤、可可、麦芽、发酵食品
五、发酵食品 Fermented Foods,酱油,其他,2-丁酮,2-butanone,78-93-3,"50,000 ng/L（水）",清漆、甜味、果香,食品挥发体系、蚝油、酱油、食醋（山西老陈醋）、米酒/黄酒
五、发酵食品 Fermented Foods,米酒/黄酒,其他,2-戊酮,2-pentanone,107-87-9,"70,000 ng/L（水）",果香、丙酮味,食品挥发体系、米酒/黄酒、黄油
五、发酵食品 Fermented Foods,米酒/黄酒,其他,1-戊烯-3-醇,1-penten-3-ol,616-25-1,400 μg/kg（食品基质）,果香,熟肉、鱼/肉类热加工、米酒/黄酒、茶叶（白茶）、茶叶（红茶）
五、发酵食品 Fermented Foods,酱油,醇类,1-己醇,1-hexanol,111-27-3,8000 mg/L；300 μg/L（原文引用嗅觉阈值；用于茶叶OAV计算）,柔和香气、油脂香、甜香、花香、玫瑰香、脂肪香-花香,熟肉、肉类热加工、橙汁（鲜榨）、白酒（浓香型）、米酒/黄酒、茶叶（白茶）、茶叶（红茶）、茶汤（红茶冲泡液）、牛乳、酱油、食醋（山西老陈醋）
五、发酵食品 Fermented Foods,米酒/黄酒,醇类,1-戊醇,1-pentanol,71-41-0,5.00 mg/kg（食品基质）,果香,肉类腐败/熟成过程、牛乳、白酒（浓香型）、米酒/黄酒、茶叶（白茶）
五、发酵食品 Fermented Foods,酱油,其他,"2,6-二甲基-4-庚酮","2,6-dimethyl-4-heptanone",108-83-8,35–105 ppb（水）,坚果、烤香,熟肉、咖啡、烤香体系、米酒/黄酒、酱油
五、发酵食品 Fermented Foods,酱油,吡嗪类,"2,5-二甲基吡嗪","2,5-dimethyl-pyrazine",123-32-0,约 6–13.7 mg/L（水/乙醇体系）,坚果香、烘烤香、可可香、炸薯条香,熟肉、芝麻油、肉类热加工、食醋（山西老陈醋）、蚝油、酱油、醋、米酒/黄酒、白酒、咖啡、可可
五、发酵食品 Fermented Foods,酱油,内酯类,4-癸内酯（γ-癸内酯）,Γ-decalactone,706-14-9,11 μg/kg（水）,桃香、杏香、奶油、椰子、黄油、甜味,肉类、乳制品、果香体系、酱油、米酒/黄酒
五、发酵食品 Fermented Foods,食醋,其他,γ-十二内酯,Γ-dodecalactone,2305-05-7,8 μg/L（水）,桃香、麝香、甜味、奶油、脂肪感,鸡肉汤、乳制品、果香体系、米酒/黄酒、食醋（山西老陈醋）、黄油
五、发酵食品 Fermented Foods,米酒/黄酒,其他,2-庚酮,2-heptanone,110-43-0,约 0.7–1.0 ppm,果香、奶油、蓝纹奶酪味,牛乳、黄油、稀奶油、白酒（浓香型）、米酒/黄酒、茶叶（红茶）、茶汤（红茶冲泡液）
五、发酵食品 Fermented Foods,米酒/黄酒,其他,2-壬酮,2-nonanone,821-55-6,约 5–8 ppb,果香、花香、油脂味,牛乳、黄油、稀奶油、白酒（浓香型）、米酒/黄酒、茶叶（白茶）
五、发酵食品 Fermented Foods,米酒/黄酒,其他,2-十一酮,2-undecanone,112-12-9,约 7–14 ppb,果香、玫瑰、蜡味,牛乳、黄油、稀奶油、米酒/黄酒、茶叶（白茶）
五、发酵食品 Fermented Foods,酱油,其他,5-癸内酯（δ-癸内酯）,5-decanolide,705-86-2,约 0.1–1.0 ppm,奶油、椰子、桃子味,牛乳、稀奶油、黄油、酱油
五、发酵食品 Fermented Foods,酱油,酸类,丁酸,Butanoic acid,107-92-6,1050 a μg/L（水/乙醇体系）；1045.47 μg/L（乙醇-水体系）；33.4 mg/L,酸败味、奶酪香、汗味、刺激性酸味,牛乳、黄油、发酵乳、白酒（浓香型）、米酒/黄酒、茶叶（红茶）、蚝油、酱油、白酒（浓香型、董香型等）、奶酪、发酵食品、食醋（山西老陈醋）、陈酿）、醋、发酵乳制品、酿造醋（山西老陈醋）
五、发酵食品 Fermented Foods,酱油,酸类,己酸,Hexanoic acid,142-62-1,"约 2,000–3,000 μg/L（水/乙醇体系）",汗味、奶酪香、酸味、脂肪香、窖臭味,牛乳、黄油、发酵乳、白酒（浓香型）、米酒/黄酒、茶叶（白茶）、茶叶（红茶）、酱油、黄酒、奶酪、发酵食品
五、发酵食品 Fermented Foods,酱油,酮类,乙偶姻,3-hydroxy-2-butanone,513-86-0,约 259 μg/L（乙醇-水体系）,黄油香、奶油香、甜香、油脂香,发酵黄油、发酵乳、白酒（浓香型）、米酒/黄酒、酱油、白酒（浓香型、陈酿）、食醋（山西老陈醋）、酿造醋、黄油、发酵乳制品
五、发酵食品 Fermented Foods,米酒/黄酒,酸类,乳酸,Lactic acid,50-21-5,约 400 mg/L（水/乙醇体系）,酸味、乳香、微涩、无明显气味,发酵黄油、米酒/黄酒、白酒、黄酒、米酒、酸奶、发酵食品
五、发酵食品 Fermented Foods,酱油,酸类,乙酸,Acetic acid,64-19-7,"约 14.4–34,000 μg/L（水/乙醇体系）；食醋中约 34 mg/L",酸味、刺激性醋香、酸味主体,发酵黄油、牛乳（奶粉）、白酒（浓香型）、米酒/黄酒、茶叶（白茶）、蚝油、酱油、食醋（山西老陈醋）、酿造醋、酿造醋（山西老陈醋、镇江香醋等）、黄酒、白酒（清香型、酱香型等）、醋
五、发酵食品 Fermented Foods,酱油,其他,吲哚,3-methylindole,83-34-1,,报告中列为关键风味化合物,发酵黄油、酱油
五、发酵食品 Fermented Foods,白酒,其他,(Z)-3-己烯-1-醇,"3-hexen-1-ol, (Z)-",928-96-1,3.9 μg/L；0.0039 mg/L,青草、绿原、新鲜,绿茶、白茶、乌龙茶、红茶、白酒（浓香型）
五、发酵食品 Fermented Foods,白酒,其他,"( E , Z )-2,6-nonadienal","( E , Z )-2,6-nonadienal",557-48-2,0.0045 μg/L,黄瓜样、清新,白茶、白酒（浓香型）、茶叶（白茶）、茶汤（红茶冲泡液）
五、发酵食品 Fermented Foods,酱油,醇类,1-辛烯-3-醇,1-octen-3-ol,3391-86-4,40.0 mg/l；45.0 μg/l（原文引用嗅觉阈值；用于茶叶OAV计算）,蘑菇香、泥土香、青香、金属味,白茶、绿茶、红茶、牛乳、白酒（浓香型）、米酒/黄酒、茶叶（白茶）、茶叶（红茶）、茶叶（黄茶）、酱油、食醋（山西老陈醋）、白酒（小曲、米香型等）、蘑菇、海鲜、发酵食品
五、发酵食品 Fermented Foods,酱油,吡嗪类,"2,3,5-三甲基吡嗪","2,3,5-trimethylpyrazine",14667-55-1,约 0.19–3067 μg/L（水/乙醇体系）,坚果、烘烤土豆、烤花生、可可、焦香,红茶、黑茶、绿茶、白茶、白酒（浓香型、陈酿）、蚝油、酱油、食醋（山西老陈醋）、白酒（浓香型）、醋、米酒/黄酒、咖啡、可可、酿造醋、黄酒、白酒（各香型）
五、发酵食品 Fermented Foods,米酒/黄酒,其他,"2,3,5,6-四甲基吡嗪","2,3,5,6-Tetramethylpyrazine",1124-11-4,"1,000 μg/L（水）",弱坚果、土腥、巧克力,红茶、黑茶、白酒（浓香型、陈酿）、米酒/黄酒
五、发酵食品 Fermented Foods,酱油,吡嗪类,"2-乙基-3,5-二甲基吡嗪","2-Ethyl-3,5-dimethylpyrazine",13925-07-0,约 0.16 μg/L（水/食品基质）,坚果香、烘烤香、可可香、泥土香,绿茶、酱油、咖啡、可可、烘烤食品、蚝油
五、发酵食品 Fermented Foods,酱油,吡嗪类,乙基吡嗪,"2,5-dimethyl-3-ethylpyrazine",13360-65-1,4 μg/L（原文引用嗅觉阈值；用于茶叶OAV计算）,坚果、烘烤,花茶（茉莉花茶）、茶叶（黄茶）、酱油、食醋（山西老陈醋）、蚝油
五、发酵食品 Fermented Foods,酱油,含硫化合物,二甲基三硫醚,Dimethyl trisulfide,3658-80-8,约 0.01 μg/L（水）；空气中约 1 ppt,硫化物味、熟洋葱、熟卷心菜、肉香、硫化气息,绿茶、红茶、黑茶、牛肉汤、白酒（浓香型）、米酒/黄酒、酱油、鸡肉汤、肉类高汤、熟肉、洋葱、发酵食品
五、发酵食品 Fermented Foods,酱油,含硫化合物,二甲基二硫醚,Dimethyl disulfide,624-92-0,1.10 μg/l（原文引用嗅觉阈值；用于茶叶OAV计算）,洋葱、大蒜、卷心菜、硫化物味、烤香,黑茶、牛肉汤、白酒（浓香型）、茶叶（红茶）、酱油、鸡肉汤、蚝油、肉类高汤、洋葱、大蒜
五、发酵食品 Fermented Foods,蚝油,含硫化合物,苯甲硫醇,Benzenemethanethiol,100-53-8,约 0.01–0.1 μg/L（水/食品基质）,大蒜、洋葱、硫香、烤香,绿茶、蚝油、牡蛎酶解液、咖啡、烘烤食品
五、发酵食品 Fermented Foods,米酒/黄酒,其他,Hexyl acetate,Hexyl acetate,142-92-7,2.9 ppb（水）,梨、苹果、香蕉,红茶、白茶、白酒（浓香型）、米酒/黄酒
五、发酵食品 Fermented Foods,食醋,其他,水杨酸甲酯,Methyl salicylate,119-36-8,290 μg/L（气相）,杏仁、焦糖、薄荷、甜、柑橘,红茶、米酒/黄酒、茶叶（白茶）、茶叶（红茶）、茶叶（黄茶）、茶汤（红茶冲泡液）、食醋（山西老陈醋）
五、发酵食品 Fermented Foods,酱油,酯类,丁酸乙酯,Methyl butanoate,623-42-7,约 81.5 μg/L（水/乙醇体系）；300 mg/L,醚味、果香、杏仁、带玫瑰和奶油底,黑茶、米酒/黄酒、白酒（浓香型）、酱油、白酒（浓香型、董香型等）、黄酒、水果、乳制品
五、发酵食品 Fermented Foods,食醋,其他,二氢猕猴桃内酯,Dihydroactinidiolide,17092-92-1,2.1 μg/L,果香,绿茶、白茶、茶叶（红茶）、食醋（山西老陈醋）
五、发酵食品 Fermented Foods,食醋,其他,2-甲基呋喃,2-methyl-furan,534-22-5,200 mg/kg（茶汤）,溶剂样、霉土、土腥、发酵香蕉、烧焦奶酪,黑茶、食醋（山西老陈醋）
五、发酵食品 Fermented Foods,酱油,醛类,2-苯基乙醛,2-phenylethanal,122-78-1,约 4–262 μg/L（水/乙醇体系）,花香、蜂蜜香、青香、风信子香,红茶、白酒（浓香型、陈酿）、米酒/黄酒、茶叶（白茶）、茶叶（红茶）、食醋（山西老陈醋）、牛肉汤、白酒（浓香型）、酱油、鸡肉汤、蜂蜜、酿造醋、蚝油
五、发酵食品 Fermented Foods,酱油,醇类,2-苯乙醇,2-phenylethanol,60-12-8,"约 772–28,900 μg/L（水/乙醇体系）",蜂蜜味、香料香、玫瑰花香、丁香花香,绿茶、白茶、乌龙茶、红茶、白酒（浓香型）、酱油、茶叶（白茶）、茶叶（红茶）、食醋（山西老陈醋）、米酒/黄酒、醋、葡萄酒、白酒（浓香型、米香型等）、黄酒、米酒
五、发酵食品 Fermented Foods,酱油,其他,柠檬烯（苧烯）,Limonene,138-86-3,0.038 ppm（水）,柠檬样、松木样、柑橘果皮香气,柑橘类精油（综述）、茶叶（白茶）、茶汤（红茶冲泡液）、酱油
五、发酵食品 Fermented Foods,米酒/黄酒,萜烯类,芳樟醇（沉香醇）,Linalool,78-70-6,约 6–19 μg/L（水/乙醇体系）,花香、柑橘香、薰衣草香、甜香,柑橘类精油（综述）、白酒（浓香型、陈酿）、茶叶（白茶）、茶叶（红茶）、茶叶（黄茶）、茶汤（红茶冲泡液）、米酒/黄酒、白酒、香料
五、发酵食品 Fermented Foods,食醋,其他,反式-芳樟醇氧化物,Trans-Linalool oxide,34995-77-2,,花香、泥土、樟脑样,食醋（山西老陈醋）
五、发酵食品 Fermented Foods,食醋,其他,α-松油醇,Α-terpineol,98-55-5,404 * μg/L（原文引用嗅觉阈值；用于茶叶OAV计算）,花香、丁香、甜香,柑橘类精油（综述）、橙汁（鲜榨）、茶叶（白茶）、茶叶（红茶）、茶叶（黄茶）、食醋（山西老陈醋）
五、发酵食品 Fermented Foods,食醋,其他,1-辛醇,1-octanol,111-87-5,1100 μg/l（乙醇-水体系）,柑橘、脂肪、蜡质,柑橘类精油（综述）、白酒（浓香型）、米酒/黄酒、茶叶（白茶）、食醋（山西老陈醋）、白酒（浓香型、陈酿）
五、发酵食品 Fermented Foods,米酒/黄酒,其他,香茅醇,Citronellol,106-22-9,10–50 ppb；40 μg/L,花香、玫瑰样、柑橘样、蜡质,米酒/黄酒、茶叶（白茶）
五、发酵食品 Fermented Foods,米酒/黄酒,其他,香叶醇,Geraniol,106-24-1,约 40 μg/L；14 ng/L,甜花香、玫瑰样、柑橘样、蜡质,柑橘类精油（综述）、米酒/黄酒、茶叶（白茶）、茶叶（红茶）、茶叶（黄茶）、茶汤（红茶冲泡液）
五、发酵食品 Fermented Foods,酱油,醛类,乙醛,Acetaldehyde,75-07-0,"约 2,500 mg/L（水/乙醇体系）",刺激性气味、甜香、青香、溶剂味,牛肉汤、米酒/黄酒、鸡肉汤、白酒（各香型）、黄酒、米酒、酱油、熟肉
五、发酵食品 Fermented Foods,米酒/黄酒,其他,己醛,Hexanal,66-25-1,990.0 mg/l；2.40 μg/l（原文引用嗅觉阈值；用于茶叶OAV计算）,青草、绿叶、青香,牛乳、牛肉汤、白酒（浓香型）、米酒/黄酒、茶叶（白茶）、茶叶（红茶）、茶汤（红茶冲泡液）、鸡肉汤
五、发酵食品 Fermented Foods,食醋,其他,庚醛,Heptanal,111-71-7,3.0 ppb（水）,脂肪、青草、绿色,奶油（鲜奶油香气模型）、牛肉汤、米酒/黄酒、茶叶（白茶）、茶叶（黄茶）、茶汤（红茶冲泡液）、食醋（山西老陈醋）、鸡肉汤
五、发酵食品 Fermented Foods,酱油,其他,辛醛,Octanal,124-13-0,0.7–1 μg/L,柑橘、脂肪、橙皮香,柑橘类精油（综述）、橙汁（鲜榨）、牛乳、牛肉汤、米酒/黄酒、茶叶（白茶）、蚝油、酱油、食醋（山西老陈醋）、鸡肉汤
五、发酵食品 Fermented Foods,酱油,其他,壬醛,Nonaldehyde,124-19-6,1.0 ppb（水）,脂肪、柑橘、绿色,米酒/黄酒、柑橘类精油（综述）、牛肉汤、白酒（浓香型）、茶叶（白茶）、茶汤（红茶冲泡液）、蚝油、酱油、鸡肉汤、黄油
五、发酵食品 Fermented Foods,米酒/黄酒,其他,癸醛,Capraldehyde,112-31-2,0.1–2 μg/L；3.02 μg/kg,柑橘、橙皮、蜡质、花香,米酒/黄酒、柑橘类精油（综述）、橙汁（鲜榨）、牛肉汤、白酒（浓香型）、茶叶（白茶）、茶叶（黄茶）、茶汤（红茶冲泡液）、鸡肉汤、黄油
五、发酵食品 Fermented Foods,酱油,醛类,苯甲醛,Benzaldehyde,100-52-7,4203 μg/l（乙醇-水体系）；160.0 mg/l,刺激性杏仁香,白酒（浓香型）、白酒（浓香型、陈酿）、米酒/黄酒、茶叶（白茶）、茶叶（红茶）、茶叶（黄茶）、茶汤（红茶冲泡液）、蚝油、酱油、食醋（山西老陈醋）、黄油
五、发酵食品 Fermented Foods,酱油,其他,2-甲基丁酸乙酯,Ethyl 2-methylbutanoate,7452-79-1,约 0.1 μg/L,果香、浆果、苹果,白酒（浓香型）、白酒（浓香型、陈酿）、米酒/黄酒、酱油
五、发酵食品 Fermented Foods,酱油,酯类,乙酸乙酯,Ethyl acetate,141-78-6,"32,600 a μg/L（水/乙醇体系）；7,500 mg/L",果香、菠萝香、清辣、溶剂味、甜香,白酒（浓香型）、米酒/黄酒、酱油、食醋（山西老陈醋）、白酒（清香型、浓香型等）、黄酒、米酒、水果、发酵食品
五、发酵食品 Fermented Foods,酱油,酯类,己酸乙酯,Ethyl hexanoate,123-66-0,约 55.3 μg/L（水/乙醇体系）；46%vol 白酒中约 1.52 mg/L,果香、窖香、菠萝香、甜香、浓郁果香,白酒（浓香型）、米酒/黄酒、茶叶（白茶）、茶叶（黄茶）、酱油、白酒（浓香型、酱香型、兼香型等）、黄酒、水果
五、发酵食品 Fermented Foods,酱油,酯类,辛酸乙酯,Ethyl caprylate,106-32-1,约 12.9 μg/L（水/乙醇体系）；5 mg/L,果香、花香、菠萝香、甜香、脂肪香,米酒/黄酒、黄油、白酒（浓香型）、茶叶（白茶）、茶叶（黄茶）、酱油、白酒（浓香型、酱香型等）、黄酒、水果、乳制品
五、发酵食品 Fermented Foods,白酒,其他,Octyl acetate,Octyl acetate,112-14-1,,柑橘样、甜香,白酒（浓香型）
五、发酵食品 Fermented Foods,食醋,其他,反式-β-紫罗兰酮,Trans-β-ionone,79-77-6,0.007 ppb（空气）；0.021 μg/L（水）,花香、紫罗兰、木质、果香,茶叶（白茶）、食醋（山西老陈醋）、白酒（浓香型）、茶叶（红茶）、茶叶（黄茶）、茶汤（红茶冲泡液）
五、发酵食品 Fermented Foods,酱油,酮类,1-辛烯-3-酮,1-octen-3-one,4312-99-6,约 0.03–0.1 μg/L（水）,蘑菇香、金属味、泥土香、青香,米酒/黄酒、酱油、食醋（山西老陈醋）、蚝油、牡蛎、蘑菇、海鲜、发酵食品
五、发酵食品 Fermented Foods,米酒/黄酒,其他,"1,1-二乙氧基乙烷（乙醛缩二乙醇）","1,1-diethoxyethane",105-57-7,2090 a μg/L（水/乙醇体系）,果香,白酒（浓香型）、米酒/黄酒
五、发酵食品 Fermented Foods,米酒/黄酒,酯类,2-丁烯酸乙酯,2-Butenoic acid ethyl ester,623-70-1,2.50 mg/L,,米酒/黄酒
五、发酵食品 Fermented Foods,食醋,其他,Acetyl valeryl,Acetyl valeryl,96-04-8,,奶酪香,食醋（山西老陈醋）
五、发酵食品 Fermented Foods,食醋,其他,夹竹桃麻素（乙酰香草酮）,Apocynin,498-02-2,50.2 mg/L,香草香,食醋（山西老陈醋）、米酒/黄酒
五、发酵食品 Fermented Foods,酱油,其他,di-epi-cedrene,Di-epi-cedrene,,,甜香,酱油
五、发酵食品 Fermented Foods,米酒/黄酒,其他,四乙二醇二乙醚,Four ethylene glycol diethyl ether,,,,米酒/黄酒
五、发酵食品 Fermented Foods,米酒/黄酒,其他,土臭素（土味素）,Geosmin,19700-21-1,10 mg/L,泥土香、霉味,白酒（浓香型）、米酒/黄酒
五、发酵食品 Fermented Foods,米酒/黄酒,其他,Heterocycles,Heterocycles,156002-64-1,,,米酒/黄酒
五、发酵食品 Fermented Foods,米酒/黄酒,其他,N-丙基苯甲酰胺,N -Propylbenzamide,,,,米酒/黄酒
五、发酵食品 Fermented Foods,酱油,内酯类,索托隆,Sotolon,28664-35-9,约 2.5–10 μg/L（水）；清酒/黄酒中约 9–19 μg/L,焦糖香、咖喱香、枫糖香、核桃香、烘焙香,米酒/黄酒、酱油、清酒、黄酒、雪莉酒、咖啡、葫芦巴
五、发酵食品 Fermented Foods,酱油,其他,苯乙烯,Styrene,124-07-2,2700 a μg/L（水/乙醇体系）；2701.23 μg/L（乙醇-水体系）；500 mg/L,香脂香、汽油味、甜香花香、甜香、花香,牛乳（奶粉）、米酒/黄酒、茶叶（白茶）、茶叶（红茶）、茶叶（黄茶）、酱油、黄油、白酒（浓香型）、白酒（浓香型、陈酿）
五、发酵食品 Fermented Foods,米酒/黄酒,内酯类,2-Hydroxy-γ-butyrolactone,2-Hydroxy-γ-butyrolactone,,,,米酒/黄酒
五、发酵食品 Fermented Foods,食醋,内酯类,4-Hexanolide,4-hexanolide,695-06-7,12500 μg/L（乙醇-水体系）,草本香,食醋（山西老陈醋）、白酒（浓香型、陈酿）、白酒（浓香型）、茶叶（白茶）
五、发酵食品 Fermented Foods,食醋,内酯类,Butyrolactone,Butyrolactone,96-48-0,,奶油香,食醋（山西老陈醋）
五、发酵食品 Fermented Foods,米酒/黄酒,内酯类,Dehydromevalonic lactone,Dehydromevalonic lactone,2381-87-5,,,米酒/黄酒
五、发酵食品 Fermented Foods,食醋,内酯类,Nonan-4-olide,Nonan-4-olide,104-61-0,约 90.7 μg/L（乙醇-水体系）,椰子香、桃香、甜香、奶香,白酒（浓香型、陈酿）、白酒（浓香型）、米酒/黄酒、食醋（山西老陈醋）、酿造醋、乳制品、水果
五、发酵食品 Fermented Foods,米酒/黄酒,内酯类,γ-丁内酯,Γ-butyrolactone,104224-63-7,"16,000 mg/L；50 μg/L（原文引用嗅觉阈值；用于茶叶OAV计算）",黄油香、奶油香、油脂香,米酒/黄酒、茶叶（红茶）
五、发酵食品 Fermented Foods,食醋,内酯类,γ-Heptalactone,γ-Heptalactone,,,焦糖香,食醋（山西老陈醋）
五、发酵食品 Fermented Foods,食醋,内酯类,γ-辛内酯,Γ-octanoic lactone,104-50-7,0.007 ppm（水中香气检测阈值；鲜奶油感知模型）,其他特征、椰子香、奶油香、甜香、脂肪香,奶油（鲜奶油香气模型）、食醋（山西老陈醋）、米酒/黄酒、酿造醋、乳制品、水果
五、发酵食品 Fermented Foods,食醋,吡嗪类,"2,3-二甲基-5-(Z-1-丙烯基)吡嗪","2,3-dimethyl-5-(z-1-propenyl)-pyrazine",,,异臭,食醋（山西老陈醋）
五、发酵食品 Fermented Foods,米酒/黄酒,吡嗪类,"2,3-二甲基吡嗪","2,3-dimethylpyrazine",5910-89-4,,坚果香、烘烤香,米酒/黄酒
五、发酵食品 Fermented Foods,蚝油,吡嗪类,"2,5-二甲基-3-(3-甲基丁基)吡嗪","2,5-dimethyl-3-(3-methylbutyl)-pyrazine",,,,蚝油
五、发酵食品 Fermented Foods,食醋,吡嗪类,"2,5-二甲基-3-异戊基吡嗪","2,5-dimethyl-3-isoamylpyrazine",18433-98-2,,霉土味,食醋（山西老陈醋）
五、发酵食品 Fermented Foods,蚝油,吡嗪类,"2,6-二乙基吡嗪","2,6-diethyl-pyrazine",13067-27-1,,,蚝油
五、发酵食品 Fermented Foods,酱油,吡嗪类,甲基吡嗪,2-acetyl-3-methylpyrazine,23787-80-6,,青香、其他特征,蚝油、酱油
五、发酵食品 Fermented Foods,酱油,吡嗪类,2-乙基-3-甲基吡嗪,2-ethyl-3-methylpyrazine,15707-23-0,,焦糖香、烘烤香土豆香,酱油
五、发酵食品 Fermented Foods,蚝油,吡嗪类,2-乙基-5-甲基吡嗪,2-ethyl-5-methylpyrazine,13360-64-0,0.036 mg/kg（蚝油/相关酶解物基质；原文引用阈值）,,蚝油
五、发酵食品 Fermented Foods,蚝油,吡嗪类,2-乙基-6-甲基吡嗪,2-ethyl-6-methylpyrazine,13925-03-6,0.04 mg/kg（蚝油/相关酶解物基质；原文引用阈值）,,蚝油
五、发酵食品 Fermented Foods,酱油,吡嗪类,2-异丁基-3-甲氧基吡嗪,2-isobutyl-3-methoxypyrazine,24683-00-9,,泥土香,酱油
五、发酵食品 Fermented Foods,酱油,吡嗪类,2-异丙基-3-甲氧基吡嗪,2-isopropyl-3-methoxypyrazine,25773-40-4,,泥土香、其他特征-,酱油
五、发酵食品 Fermented Foods,酱油,吡嗪类,2-甲基吡嗪,2-methylpyrazine,109-08-0,6.4 mg/L；60 μg/L（原文引用嗅觉阈值；用于茶叶OAV计算）；27 mg/kg（蚝油/相关酶解物基质；原文引用阈值）,坚果香,米酒/黄酒、茶叶（红茶）、蚝油、酱油
五、发酵食品 Fermented Foods,酱油,吡嗪类,"2,3,5,6-四甲基吡嗪（川芎嗪）",Tetramethyl-pyrazine,1124-11-4,"约 20.7–80,000 μg/L（水/乙醇体系）",坚果香、烘烤香、焦香、可可香,食醋（山西老陈醋）、白酒（浓香型、陈酿）、米酒/黄酒、牛肉汤、白酒（浓香型）、鸡肉汤、酿造醋、黄酒、酱油、可可、咖啡、酱香型等）、醋
五、发酵食品 Fermented Foods,食醋,含氮杂环/其他含氮化合物,1-(2-呋喃基甲基)-1H-吡咯,1-(2-furanylmethyl)-1h-pyrrole,1438-94-4,,咖啡香,食醋（山西老陈醋）
五、发酵食品 Fermented Foods,食醋,含氮杂环/其他含氮化合物,1H-吡咯-2-甲醛,1h-pyrrole-2-carboxaldehyde,1003-29-8,,脂肪香、烘烤香,食醋（山西老陈醋）
五、发酵食品 Fermented Foods,酱油,含氮杂环/其他含氮化合物,2-乙酰基-1-吡咯啉,2-acetyl-1-pyrroline,85213-22-5,约 0.02–0.1 μg/L（水）；空气中约 0.02 ng/L,其他特征米饭香、其他特征、熟米饭香、爆米花香,牛肉汤、米酒/黄酒、酱油、鸡肉汤、香米、面包、烘烤食品
五、发酵食品 Fermented Foods,蚝油,含氮杂环/其他含氮化合物,2-乙酰基吡咯,2-acetylpyrrole,1072-83-9,- μg/L（原文引用嗅觉阈值；用于茶叶OAV计算）；>2 mg/kg（蚝油/相关酶解物基质；原文引用阈值）,米饭香、爆米花香、烘烤香、坚果香,牛肉汤、米酒/黄酒、蚝油、鸡肉汤、食醋（山西老陈醋）
五、发酵食品 Fermented Foods,酱油,含氮杂环/其他含氮化合物,3-acetyl-1-pyrroline,3-acetyl-1-pyrroline,,,其他特征、爆米花香,酱油
五、发酵食品 Fermented Foods,米酒/黄酒,含氮杂环/其他含氮化合物,吡啶,Ethyl 3-pyridinecarboxylate,614-18-6,,,米酒/黄酒
五、发酵食品 Fermented Foods,蚝油,含氮杂环/其他含氮化合物,噻唑,Thiazole,288-47-1,,坚果香,蚝油
五、发酵食品 Fermented Foods,酱油,含硫化合物,2-(甲硫基)乙醇,2-(methylthio)ethanol,5271-38-5,,肉香-,酱油
五、发酵食品 Fermented Foods,酱油,含硫化合物,2-呋喃甲硫醇,2-furanmethanethiol,98-02-2,,焦糖香、甜香,酱油
五、发酵食品 Fermented Foods,酱油,含硫化合物,2-甲基噻吩,2-methylthiophene,554-14-3,,含硫气味、熟蔬菜味,酱油
五、发酵食品 Fermented Foods,米酒/黄酒,含硫化合物,2-Thiophenecarboxaldehyde,2-thiophenecarboxaldehyde,98-03-3,253 mg/L,硫磺气味,白酒（浓香型）、米酒/黄酒
五、发酵食品 Fermented Foods,食醋,含硫化合物,3-(甲硫基)-1-丙醇,3-(methylsulfanyl)propan-1-ol,505-10-2,"2110.41 μg/L（乙醇-水体系）；1,000 mg/L",肉香、洋葱味,白酒（浓香型、陈酿）、米酒/黄酒、食醋（山西老陈醋）
五、发酵食品 Fermented Foods,酱油,含硫化合物,3-甲硫基丙醇（甲硫醇）,3-(methylthio)propanol (methionol),,,土豆香,酱油
五、发酵食品 Fermented Foods,食醋,含硫化合物,乙酸丙酯,3-(methylthio)propyl acetate,16630-55-0,,果香、脂肪香,食醋（山西老陈醋）
五、发酵食品 Fermented Foods,酱油,含硫化合物,甲基-2-甲基-3-呋喃基二硫醚,Methyl 2-methyl-3-furyl disulfide,65505-17-1,,肉香-,酱油
五、发酵食品 Fermented Foods,食醋,含硫化合物,硫代乙酸甲酯,Methyl thiolacetate,1534-08-3,,洋葱味,食醋（山西老陈醋）
五、发酵食品 Fermented Foods,食醋,呋喃/呋喃酮类,2(5H)-呋喃酮,2(5h)-furanone,497-23-4,,黄油香、酒香,白酒（浓香型）、食醋（山西老陈醋）
五、发酵食品 Fermented Foods,食醋,呋喃/呋喃酮类,"2,3-二氢苯并呋喃","2,3-dihydro-benzofuran",496-16-2,,坚果香,食醋（山西老陈醋）
五、发酵食品 Fermented Foods,酱油,呋喃/呋喃酮类,呋喃酮（HDMF）,"4-Hydroxy-2,5-dimethyl-3(2H)-furanone (HDMF/Furaneol)",3658-77-3,约 5–25 μg/L（水）；酱油基质中阈值极低,焦糖香、甜香、草莓香、烘烤香,酱油（中日韩高盐稀态/固稀发酵）、味噌、咖啡、草莓
五、发酵食品 Fermented Foods,酱油,呋喃/呋喃酮类,"2,5-二甲基呋喃","2,5-dimethylfuran",625-86-5,,溶剂味,酱油
五、发酵食品 Fermented Foods,酱油,呋喃/呋喃酮类,2-乙酰基-5-甲基呋喃,2-acetyl-5-methylfuran,1193-79-9,,植物叶片香、坚果香、可可香、甜香、果香,米酒/黄酒、酱油、食醋（山西老陈醋）
五、发酵食品 Fermented Foods,酱油,呋喃/呋喃酮类,2-乙酰基呋喃,2-acetylfuran,1192-62-7,,焦糖香、甜香、烟熏香、香脂香,米酒/黄酒、蚝油、酱油、食醋（山西老陈醋）
五、发酵食品 Fermented Foods,酱油,呋喃/呋喃酮类,2-戊基呋喃,2-amylfuran,3777-69-3,6 mg/L；4.8 μg/L（原文引用嗅觉阈值；用于茶叶OAV计算）；0.0058 mg/kg（蚝油/相关酶解物基质；原文引用阈值）,青香、泥土香、豆香、油脂香,蚝油、食醋（山西老陈醋）、白酒（浓香型）、米酒/黄酒、茶叶（红茶）、酱油、酿造醋、植物油、豆类、发酵食品
五、发酵食品 Fermented Foods,蚝油,呋喃/呋喃酮类,2-乙基呋喃,2-ethyl furan,3208-16-0,100 μg/L（原文引用嗅觉阈值；用于茶叶OAV计算）；8 mg/kg（蚝油/相关酶解物基质；原文引用阈值）,,蚝油
五、发酵食品 Fermented Foods,食醋,醇类,2-呋喃甲醇,2-furan methanol,4412-91-3,2000 mg/L,柔和香气、温暖香调、油脂香、焦香、熟制香糖香,米酒/黄酒、食醋（山西老陈醋）
五、发酵食品 Fermented Foods,米酒/黄酒,呋喃/呋喃酮类,2-呋喃丙烯醛,2-furanacrolein,39511-08-5,,,米酒/黄酒
五、发酵食品 Fermented Foods,酱油,醇类,糠醇,"2-furanmethanol, acetate",623-17-6,"54,700 μg/L（乙醇-水体系）；4.5 μg/L（原文引用嗅觉阈值；用于茶叶OAV计算）；15 mg/kg（蚝油/相关酶解物基质；原文引用阈值）",甜香、焦糖香,食醋（山西老陈醋）、白酒（浓香型、陈酿）、茶叶（红茶）、蚝油、牛乳、白酒（浓香型）、酱油、黄油、米酒/黄酒
五、发酵食品 Fermented Foods,蚝油,呋喃/呋喃酮类,2-丙基-呋喃,2-propyl-furan,4229-91-8,,青香,蚝油
五、发酵食品 Fermented Foods,酱油,呋喃/呋喃酮类,麦芽酚（3-羟基-2-甲基-4H-吡喃-4-酮）,3-hydroxy-2-methyl-4-pyranone (maltol),,,焦糖香,酱油、米酒/黄酒
五、发酵食品 Fermented Foods,酱油,呋喃/呋喃酮类,3-甲基-2(5H)-呋喃酮,3-methyl-2(5H)-furanone,,,焦糖香,酱油
五、发酵食品 Fermented Foods,酱油,呋喃/呋喃酮类,3-苯基呋喃,3-phenylfuran,13679-41-9,,青豆香,酱油
五、发酵食品 Fermented Foods,食醋,呋喃/呋喃酮类,4-(2-呋喃基)-3-丁烯-2-酮,4-(2-furanyl)-3-buten-2-one,108811-61-6,,草本香、花香,食醋（山西老陈醋）
五、发酵食品 Fermented Foods,酱油,呋喃/呋喃酮类,4-羟基-5-甲基-3(2H)-呋喃酮,4-hydroxy-5-methyl-3(2H)-furanone,,,焦糖香、甜香,酱油
五、发酵食品 Fermented Foods,酱油,呋喃/呋喃酮类,糠醛（呋喃甲醛）,5-ethylfurfural,98-01-1,"6.000 ppm（水中香气检测阈值；鲜奶油感知模型）；20,000 mg/L；500 μg/L（原文引用嗅觉阈值",甜香、杏仁香、木香、烘焙香、焦香、甜香、杏仁香、面包香、异臭、木香、甜香木香,米酒/黄酒、食醋（山西老陈醋）、白酒（浓香型）、茶叶（红茶）、蚝油、酱油、酿造醋、黄酒、咖啡、白酒（浓香型、陈酿）、白酒（各香型）、醋、烘烤食品、牛乳、茶叶（白茶）、黄油
五、发酵食品 Fermented Foods,食醋,呋喃/呋喃酮类,5-甲基-2(3H)-呋喃酮,5-methyl-2(3h)-furanone,591-12-8,,巧克力香,食醋（山西老陈醋）
五、发酵食品 Fermented Foods,酱油,呋喃/呋喃酮类,二氢-2-甲基-3(2H)-呋喃酮,Dihydro-2-methyl-3(2H)-furanone,,,焦糖香,酱油
五、发酵食品 Fermented Foods,酱油,呋喃/呋喃酮类,二氢-5-甲基-3(2H)-呋喃酮,Dihydro-5-methyl-3(2H)-furanone,,,焦糖香、甜香,酱油
五、发酵食品 Fermented Foods,白酒,呋喃/呋喃酮类,呋喃-2-甲醛,Furan-2-carbaldehyde,,"44,029.73 μg/L（乙醇-水体系）",烘烤面包香,白酒（浓香型、陈酿）
五、发酵食品 Fermented Foods,米酒/黄酒,烃类,"1,2-二甲氧基苯","1,2-dimethoxybenzene",91-16-7,,,米酒/黄酒
五、发酵食品 Fermented Foods,米酒/黄酒,烃类,"1,3-二甲苯（间二甲苯）","1,3-xylene",108-38-3,,,米酒/黄酒
五、发酵食品 Fermented Foods,米酒/黄酒,烃类,"2,6-二叔丁基-4-甲基苯酚",Butylated hydroxytoluene,128-37-0,,,米酒/黄酒、茶叶（黄茶）
五、发酵食品 Fermented Foods,米酒/黄酒,烃类,Cyclooctane,Cyclooctane,292-64-8,,,米酒/黄酒
五、发酵食品 Fermented Foods,酱油,烃类,十二烷,Dodecane,112-40-3,,烷烃气味,牛乳（奶粉）、酱油
五、发酵食品 Fermented Foods,米酒/黄酒,烃类,乙苯,Ethylbenzene,100-41-4,,金属味、酚香、化学品气味、芳香花香,奶油（鲜奶油香气模型）、牛乳、米酒/黄酒、茶叶（白茶）
五、发酵食品 Fermented Foods,酱油,烃类,十六烷,Hexadecane,544-76-3,,烷烃气味,牛乳（奶粉）、茶叶（黄茶）、酱油
五、发酵食品 Fermented Foods,米酒/黄酒,烃类,甲基十五烷基醚,Methyl pentadecane ether,,,,米酒/黄酒
五、发酵食品 Fermented Foods,酱油,烃类,萘,Naphthalene,91-20-3,159 a μg/L（水/乙醇体系）；6 mg/L；- μg/L（原文引用嗅觉阈值；用于茶叶OAV计算）,樟脑丸气味-、其他特征,白酒（浓香型）、米酒/黄酒、茶叶（红茶）、茶叶（黄茶）、酱油
五、发酵食品 Fermented Foods,米酒/黄酒,烃类,o -Xylene,O -Xylene,,,,米酒/黄酒
五、发酵食品 Fermented Foods,米酒/黄酒,烃类,对二甲苯,P -Xylene,106-42-3,,甜香花香,米酒/黄酒、茶叶（白茶）
五、发酵食品 Fermented Foods,食醋,萜烯类,芳樟醇氧化物,Linalool oxide,1365-19-1,,花香,食醋（山西老陈醋）
五、发酵食品 Fermented Foods,酱油,酚类,苯酚,"2,4-di- tert -butylphenol",105-67-9,"18,900 a μg/L（水/乙醇体系）；18,909.34 μg/L（乙醇-水体系）；30 mg/L",酚香、药香、草本香、塑料味、橡胶味,米酒/黄酒、蚝油、食醋（山西老陈醋）、白酒（浓香型）、酱油、白酒（浓香型、陈酿）、橙汁（鲜榨）、醋、黄酒、威士忌、咖啡、酿造醋（山西老陈醋）、白酒（酱香型、芝麻香型等）、牛乳、黄油
五、发酵食品 Fermented Foods,食醋,酚类,"2,5-二甲基苯酚","2,5-dimethyl-phenol",95-87-4,,草本香,食醋（山西老陈醋）
五、发酵食品 Fermented Foods,酱油,酚类,"2,6-二甲氧基苯酚","2,6-dimethoxy-phenol",91-10-1,,木香、青香,食醋（山西老陈醋）、酱油
五、发酵食品 Fermented Foods,食醋,酚类,2-甲氧基-4-丙基苯酚,2-methoxy-4-propyl-phenol,2785-87-7,,辛香,食醋（山西老陈醋）
五、发酵食品 Fermented Foods,酱油,酚类,4-乙烯基苯酚,2-methoxy-4-vinylphenol,7786-61-0,40 mg/L,脂肪香、辛香、丁香香,米酒/黄酒、食醋（山西老陈醋）、酱油
五、发酵食品 Fermented Foods,食醋,酚类,2-甲基-5-(1-甲基乙基)-苯酚,2-methyl-5-(1-methylethyl)-phenol,499-75-2,,辛香,食醋（山西老陈醋）
五、发酵食品 Fermented Foods,食醋,酚类,2-甲基-苯酚,2-methyl-phenol,95-48-7,,青香,食醋（山西老陈醋）
五、发酵食品 Fermented Foods,食醋,酚类,"3,4-二甲基苯酚","3,4-dimethyl-phenol",95-65-8,,木香,食醋（山西老陈醋）
五、发酵食品 Fermented Foods,食醋,酚类,"3,5-二甲基苯酚","3,5-dimethyl-phenol",108-68-9,,青香,食醋（山西老陈醋）
五、发酵食品 Fermented Foods,酱油,酚类,4-乙基-苯酚,4-ethyl-phenol,123-07-9,123 a μg/L（水/乙醇体系）；617.68 μg/L（乙醇-水体系）；30 mg/L,酚香、药香、马厩味、皮革味、烟熏香,食醋（山西老陈醋）、白酒（浓香型）、白酒（浓香型、陈酿）、米酒/黄酒、酱油、酿造醋、葡萄酒、啤酒、发酵食品
五、发酵食品 Fermented Foods,食醋,酚类,4-甲基-2-甲氧基苯酚,4-methyl-2-methoxyphenol,93-51-6,315 a μg/L（水/乙醇体系）；314.56 μg/L（乙醇-水体系）；9.5 mg/L,木香,白酒（浓香型、陈酿）、白酒（浓香型）、米酒/黄酒、食醋（山西老陈醋）
五、发酵食品 Fermented Foods,食醋,酚类,4-甲基苯酚,4-methylphenol,106-44-5,166.97 μg/L（乙醇-水体系）；68 mg/L,酚香、烟熏香、药香、马厩味,白酒（浓香型、陈酿）、米酒/黄酒、食醋（山西老陈醋）、酱香型等）、黄酒、威士忌、烟熏食品
五、发酵食品 Fermented Foods,食醋,酚类,丁香酚,Eugenol,97-53-0,,坚果香、丁香香,食醋（山西老陈醋）
五、发酵食品 Fermented Foods,米酒/黄酒,酚类,苯酚类,Phenols,,,,米酒/黄酒
五、发酵食品 Fermented Foods,酱油,酚类,香兰素（香草醛）,Vanillin,121-33-5,438.52 μg/L（乙醇-水体系）；487 mg/L,香草香、甜香、焦糖香、奶油香,白酒（浓香型、陈酿）、米酒/黄酒、食醋（山西老陈醋）、酱油
五、发酵食品 Fermented Foods,酱油,酮类,(E)-beta-damascenone,(E)-beta-damascenone,23726-93-4,0.12 a μg/L（水/乙醇体系）,苹果香玫瑰香、熟制香苹果香、蜂蜜香,茶叶（白茶）、酱油、白酒（浓香型）、白酒（浓香型、陈酿）、米酒/黄酒、茶叶（红茶）、茶汤（红茶冲泡液）、食醋（山西老陈醋）
五、发酵食品 Fermented Foods,食醋,酮类,1-(4-甲氧基苯基)乙酮,1-(4-methoxyphenyl)ethanone,100-06-1,,玫瑰香,食醋（山西老陈醋）
五、发酵食品 Fermented Foods,食醋,酮类,"1-苯基-1,2-丙烷二酮","1-phenyl-1,2-propanedione",579-07-7,,脂肪香,食醋（山西老陈醋）
五、发酵食品 Fermented Foods,米酒/黄酒,酮类,1-苯基-1-丙酮,1-phenyl-1-propanone,93-55-0,,,米酒/黄酒
五、发酵食品 Fermented Foods,酱油,酮类,"2,3-丁二酮（双乙酰）","2,3-butanedione",431-03-8,100 μg/L（乙醇-水体系）,黄油香、奶酪香、汗味、奶油香、乳香、酸奶香,牛肉汤、米酒/黄酒、酱油、食醋（山西老陈醋）、鸡肉汤、白酒（浓香型、陈酿）
五、发酵食品 Fermented Foods,食醋,酮类,2-Acetoxy-3-butanone,2-acetoxy-3-butanone,4906-24-5,,甜香,食醋（山西老陈醋）
五、发酵食品 Fermented Foods,米酒/黄酒,酮类,2-辛酮,2-octanone,111-13-7,50 mg/L；2.5 mg/kg（黄油研究引用的气味阈值；原表单位）,苹果香,米酒/黄酒、黄油
五、发酵食品 Fermented Foods,酱油,酮类,2′-aminoacetophenone,2′-aminoacetophenone,551-93-9,,葡萄香,酱油
五、发酵食品 Fermented Foods,酱油,酮类,"3-乙基-1,2-环戊二酮","3-ethyl-1,2-cyclopentanedione",21835-01-8,,焦糖香,酱油
五、发酵食品 Fermented Foods,酱油,酮类,"3-甲基-1,2-环戊二酮","3-methyl-1,2-cyclopentanedione",765-70-8,,焦糖香,酱油
五、发酵食品 Fermented Foods,米酒/黄酒,酮类,3-辛酮,3-octanone,106-68-3,65 mg/L,草本香,米酒/黄酒、茶叶（白茶）
五、发酵食品 Fermented Foods,米酒/黄酒,酮类,3-辛烯-2-酮,3-octen-2-one,1669-44-9,,泥土香、塑料味、泥土香辛香,牛肉汤、米酒/黄酒、茶叶（白茶）、鸡肉汤
五、发酵食品 Fermented Foods,食醋,酮类,3-戊烯-2-酮,3-penten-2-one,3102-33-8,,果香,米酒/黄酒、茶叶（白茶）、食醋（山西老陈醋）、黄油
五、发酵食品 Fermented Foods,食醋,酮类,"5,6-Dihydro-6-pentyl-2H-pyran-2-one","5,6-Dihydro-6-pentyl-2H-pyran-2-one",,,脂肪香、花香,食醋（山西老陈醋）
五、发酵食品 Fermented Foods,米酒/黄酒,酮类,5-Fluoro-2-hydroxy acetophenone,5-fluoro-2-hydroxy acetophenone,394-32-1,,,米酒/黄酒
五、发酵食品 Fermented Foods,米酒/黄酒,酮类,6-甲基-5-庚烯-2-酮,6-methyl-5-hepten-2-one,110-93-0,160 μg/L（原文引用嗅觉阈值；用于茶叶OAV计算）,其他特征其他特征、柑橘香、青香、刺激性气味,米酒/黄酒、茶叶（白茶）、茶叶（红茶）、茶汤（红茶冲泡液）
五、发酵食品 Fermented Foods,米酒/黄酒,酮类,苯乙酮,Acetophenone,98-86-2,0.170 ppm（水中香气检测阈值；鲜奶油感知模型）；65 mg/L,其他特征、苦杏仁香、甜香、果香、花香、杏仁香-,奶油（鲜奶油香气模型）、米酒/黄酒、茶叶（白茶）、茶叶（黄茶）
五、发酵食品 Fermented Foods,白酒,酮类,Geranylacetone,Geranylacetone,3796-70-1,,花香,白酒（浓香型）
五、发酵食品 Fermented Foods,米酒/黄酒,酮类,Propan-2-one,Propan-2-one,67-64-1,,刺激性气味,米酒/黄酒
五、发酵食品 Fermented Foods,米酒/黄酒,酯类,2-羟基乙基丙酸酯,2-hydroxy-ethyl propionate,,,,米酒/黄酒
五、发酵食品 Fermented Foods,米酒/黄酒,酯类,乙酸异丁酯,2-methylpropyl acetate,110-19-0,"922 a μg/L（水/乙醇体系）；1,605 mg/L",果香,白酒（浓香型）、米酒/黄酒
五、发酵食品 Fermented Foods,白酒,酯类,己酸丙酯,2-methylpropyl hexanoate,105-79-3,"12,783.77 μg/L（乙醇-水体系）",菠萝香,白酒（浓香型、陈酿）
五、发酵食品 Fermented Foods,酱油,酯类,乙酸苯乙酯,2-phenylethyl acetate,103-45-7,909 a μg/L（水/乙醇体系）；250 mg/L,花香、玫瑰香、蜂蜜香,白酒（浓香型）、米酒/黄酒、酱油、食醋（山西老陈醋）
五、发酵食品 Fermented Foods,酱油,酯类,丙酸乙酯,2-phenylethyl propionate,122-70-3,"19,000 a μg/L（水/乙醇体系）；10 mg/L；1,800 mg/L",香蕉香、甜香、果香-,米酒/黄酒、食醋（山西老陈醋）、白酒（浓香型）、酱油
五、发酵食品 Fermented Foods,酱油,酯类,乙酸异戊酯,3-methylbutyl acetate,123-92-2,93.9 a μg/L（水/乙醇体系）；93.93 μg/L（乙醇-水体系）；30 mg/L,果香、香蕉香、甜香,白酒（浓香型）、米酒/黄酒、白酒（浓香型、陈酿）、酱油
五、发酵食品 Fermented Foods,米酒/黄酒,酯类,丁酸异戊酯,3-methylbutyl butanoate,106-27-4,915 a μg/L（水/乙醇体系）；1400 μg/L（乙醇-水体系）,果香、香蕉香,白酒（浓香型）、白酒（浓香型、陈酿）、米酒/黄酒
五、发酵食品 Fermented Foods,米酒/黄酒,酯类,丁基己酸酯,3-methylbutyl hexanoate,2198-61-0,1400 a μg/L（水/乙醇体系）,果香,白酒（浓香型）、米酒/黄酒、白酒（浓香型、陈酿）
五、发酵食品 Fermented Foods,米酒/黄酒,酯类,乳酸异戊酯,3-methylbutyl lactate,19329-89-6,,,米酒/黄酒
五、发酵食品 Fermented Foods,食醋,酯类,乙酸苄酯,Benzyl acetate,140-11-4,30 μg/L（原文引用嗅觉阈值；用于茶叶OAV计算）,果香、花香、甜香,茶叶（红茶）、茶叶（黄茶）、食醋（山西老陈醋）
五、发酵食品 Fermented Foods,食醋,酯类,苄基苯甲酸酯,Benzyl Benzoate,120-51-4,,柔和香气-甜香,食醋（山西老陈醋）
五、发酵食品 Fermented Foods,米酒/黄酒,酯类,己二酸二(2-甲基丙基)酯,Bis(2-methylpropyl) hexanedioate,141-04-8,,,米酒/黄酒
五、发酵食品 Fermented Foods,米酒/黄酒,酯类,Butanoate,Butanoate,461-55-2,321 mg/L,,米酒/黄酒
五、发酵食品 Fermented Foods,米酒/黄酒,酯类,二(仲丁基)2-甲基丁二酸酯,Di( sec -butyl) 2-methylbutanedioate,,,,米酒/黄酒
五、发酵食品 Fermented Foods,食醋,酯类,琥珀酸二乙酯,Diethyl butanedioate,123-25-1,"353,000 a μg/L（水/乙醇体系）；353,193.25 μg/L（乙醇-水体系）；75,000 mg/L",果香,白酒（浓香型）、白酒（浓香型、陈酿）、米酒/黄酒、食醋（山西老陈醋）
五、发酵食品 Fermented Foods,白酒,酯类,丙二酸二乙酯,Diethyl malonate,105-53-3,,苹果香,白酒（浓香型）
五、发酵食品 Fermented Foods,米酒/黄酒,酯类,辛二酸二乙酯,Diethyl octanedioate,2050-23-9,,,米酒/黄酒
五、发酵食品 Fermented Foods,米酒/黄酒,酯类,Diisobutyl phthalate,Diisobutyl phthalate,84-69-5,,,牛乳（奶粉）、米酒/黄酒、茶叶（黄茶）
五、发酵食品 Fermented Foods,米酒/黄酒,酯类,(9E)-9-十八碳烯酸乙酯,Ethyl (9E)-9-octadecenoate,,"65,139.73 μg/L（乙醇-水体系）",脂肪香、油脂香,米酒/黄酒、白酒（浓香型、陈酿）
五、发酵食品 Fermented Foods,米酒/黄酒,酯类,"(9Z,12Z)-9,12-十八碳二烯酸乙酯","Ethyl (9 Z ,12 Z )-octadeca-9,12-dienoate",,"32,298.23 μg/L（乙醇-水体系）",脂肪香、油脂香,白酒（浓香型、陈酿）、米酒/黄酒
五、发酵食品 Fermented Foods,米酒/黄酒,酯类,"(9Z,12Z,15Z)-9,12,15-十八碳三烯酸乙酯","Ethyl (9 Z ,12 Z ,15 Z )-9,12,15-octadecatrienoate",,,,米酒/黄酒
五、发酵食品 Fermented Foods,米酒/黄酒,酯类,糠酸乙酯,Ethyl 2-furoate,614-99-3,"16,000 mg/L",花香,米酒/黄酒
五、发酵食品 Fermented Foods,米酒/黄酒,酯类,2-羟基-2-甲基戊-4-烯酸乙酯,Ethyl 2-hydroxy-2-methylpent-4-enoate,62696-37-1,,甜香浆果香-朗姆酒香调,米酒/黄酒
五、发酵食品 Fermented Foods,米酒/黄酒,酯类,2-羟基-3-甲基丁酸乙酯,Ethyl 2-hydroxy-3-methylbutanoate,2441-06-7,,,米酒/黄酒
五、发酵食品 Fermented Foods,米酒/黄酒,酯类,2-羟基-4-甲基戊酸乙酯,Ethyl 2-hydroxy-4-methylvalerate,10348-47-7,,,米酒/黄酒
五、发酵食品 Fermented Foods,米酒/黄酒,酯类,水杨酸乙酯,Ethyl 2-hydroxybenzoate,118-61-6,115 mg/L,,米酒/黄酒
五、发酵食品 Fermented Foods,米酒/黄酒,酯类,丁酸酯,Ethyl 2-hydroxybutanoate,52089-54-0,,,米酒/黄酒
五、发酵食品 Fermented Foods,米酒/黄酒,酯类,2-羟基己酸乙酯,Ethyl 2-hydroxyhexanoate,52089-55-1,,,米酒/黄酒
五、发酵食品 Fermented Foods,酱油,酯类,2-羟基丙酸乙酯（乳酸乙酯）,Ethyl 2-hydroxypropanoate,97-64-3,"128,000 a μg/L（水/乙醇体系）；128,000 mg/L",果香、甜香、乳香、黄油香、微涩,酱油、白酒（浓香型）、米酒/黄酒、白酒（浓香型、清香型等）、黄酒、米酒、乳制品、发酵食品
五、发酵食品 Fermented Foods,酱油,酯类,2-甲基丙酸乙酯（异丁酸乙酯）,Ethyl 2-methylpropanoate,97-62-1,57.5 a μg/L（水/乙醇体系）；15 mg/L,果香、甜香,白酒（浓香型）、米酒/黄酒、酱油
五、发酵食品 Fermented Foods,酱油,酯类,苯乙酸乙酯,Ethyl 2-phenylacetate,101-97-3,"407 a μg/L（水/乙醇体系）；406.83 μg/L（乙醇-水体系）；35,000 mg/L",玫瑰香、蜂蜜香,米酒/黄酒、白酒（浓香型、陈酿）、食醋（山西老陈醋）、白酒（浓香型）、酱油
五、发酵食品 Fermented Foods,米酒/黄酒,酯类,3-乙氧基丙酸乙酯,Ethyl 3-ethoxy-propanoate,,,,米酒/黄酒
五、发酵食品 Fermented Foods,米酒/黄酒,酯类,3-羟基丁酸乙酯,Ethyl 3-hydroxybutyrate,5405-41-4,,,米酒/黄酒
五、发酵食品 Fermented Foods,米酒/黄酒,酯类,3-甲基-2-丁烯酸乙酯,Ethyl 3-methyl-2-butenoate,638-10-8,35 mg/L,,米酒/黄酒
五、发酵食品 Fermented Foods,酱油,酯类,3-甲基丁酸乙酯（异戊酸乙酯）,Ethyl 3-methylbutanoate,108-64-5,6.89 a μg/L（水/乙醇体系）；30 mg/L,苹果香、甜香、果香,白酒（浓香型）、米酒/黄酒、酱油
五、发酵食品 Fermented Foods,米酒/黄酒,酯类,3-苯丙酸乙酯,Ethyl 3-phenyl propionate,2021-28-5,125.21 μg/L（乙醇-水体系）,花香、醚香、朗姆酒香、果香,白酒（浓香型、陈酿）、白酒（浓香型）、米酒/黄酒
五、发酵食品 Fermented Foods,米酒/黄酒,酯类,4-甲基苯甲酸乙酯,Ethyl 4-methylbenzoate,94-08-6,,,米酒/黄酒
五、发酵食品 Fermented Foods,白酒,酯类,4-甲基戊酸乙酯,Ethyl 4-methylpentanoate,25415-67-2,188.32 μg/L（乙醇-水体系）,果香,白酒（浓香型、陈酿）
五、发酵食品 Fermented Foods,酱油,酯类,苯甲酸乙酯,Ethyl benzoate,93-89-0,"1430 a μg/L（水/乙醇体系）；1,430 mg/L",果香其他特征-、花香、蜂蜜香,白酒（浓香型）、米酒/黄酒、茶叶（黄茶）、酱油、茶叶（白茶）
五、发酵食品 Fermented Foods,米酒/黄酒,酯类,癸酸乙酯,Ethyl caprate,110-38-3,1120 a μg/L（水/乙醇体系）；1122.3 μg/L（乙醇-水体系）；5 mg/L,葡萄香,米酒/黄酒、白酒（浓香型）、白酒（浓香型、陈酿）
五、发酵食品 Fermented Foods,食醋,酯类,鲸蜡酸乙酯,Ethyl cetylate,628-97-7,"58,362.49 μg/L（乙醇-水体系）",柔和香气、蜡香、甜香、奶油香-,米酒/黄酒、茶叶（白茶）、食醋（山西老陈醋）、白酒（浓香型、陈酿）、茶叶（黄茶）
五、发酵食品 Fermented Foods,米酒/黄酒,酯类,肉桂酸乙酯,Ethyl cinnamate,103-36-6,,肉桂香-,米酒/黄酒
五、发酵食品 Fermented Foods,白酒,酯类,环己烷甲酸乙酯,Ethyl cyclohexanecarboxylate,3289-28-9,21.37 μg/L（乙醇-水体系）,果香,白酒（浓香型、陈酿）
五、发酵食品 Fermented Foods,米酒/黄酒,酯类,十二酸乙酯（月桂酸乙酯）,Ethyl dodecanoate,106-33-2,400 a μg/L（水/乙醇体系）；640 μg/L（乙醇-水体系）；500 mg/L,叶片香、蜡香、皂香,白酒（浓香型）、白酒（浓香型、陈酿）、米酒/黄酒
五、发酵食品 Fermented Foods,米酒/黄酒,酯类,十七酸乙酯,Ethyl heptadecanoate,14010-23-2,,,米酒/黄酒
五、发酵食品 Fermented Foods,米酒/黄酒,酯类,庚酸乙酯,Ethyl heptanoate,106-30-9,"13,200 a μg/L（水/乙醇体系）；13,153.17 μg/L（乙醇-水体系）；220 mg/L",果香、菠萝香,白酒（浓香型）、白酒（浓香型、陈酿）、米酒/黄酒
五、发酵食品 Fermented Foods,米酒/黄酒,酯类,琥珀酸氢乙酯,Ethyl hydrogen succinate,1070-34-4,,,米酒/黄酒
五、发酵食品 Fermented Foods,米酒/黄酒,酯类,亚油酸乙酯,Ethyl linoleate,544-35-4,,蜡香、奶油香、脂肪香、椰子香,米酒/黄酒
五、发酵食品 Fermented Foods,米酒/黄酒,酯类,肉豆蔻酸乙酯,Ethyl myristate,124-06-1,"494,000 b μg/L（水/乙醇体系）；180 mg/L",柔和香气、蜡香、皂香,米酒/黄酒、白酒（浓香型）
五、发酵食品 Fermented Foods,米酒/黄酒,酯类,烟酸乙酯,Ethyl nicotinoate,,,烟熏香,米酒/黄酒
五、发酵食品 Fermented Foods,米酒/黄酒,酯类,壬酸乙酯,Ethyl nonanoate,123-29-5,"3150 a μg/L（水/乙醇体系）；3150.61 μg/L（乙醇-水体系）；1,200 mg/L",果香,白酒（浓香型）、白酒（浓香型、陈酿）、米酒/黄酒、茶叶（黄茶）
五、发酵食品 Fermented Foods,米酒/黄酒,酯类,硬脂酸乙酯,Ethyl octadecanoate,111-61-5,500 mg/L,,米酒/黄酒
五、发酵食品 Fermented Foods,米酒/黄酒,酯类,油酸乙酯,Ethyl oleate,111-62-6,870 mg/L,宜人香气脂肪香其他特征,米酒/黄酒
五、发酵食品 Fermented Foods,米酒/黄酒,酯类,十五酸乙酯,Ethyl pentadecanoate,41114-00-5,,,米酒/黄酒
五、发酵食品 Fermented Foods,米酒/黄酒,酯类,戊酸乙酯,Ethyl pentanoate,539-82-2,26.8 a μg/L（水/乙醇体系）；20 mg/L,苹果香、果香,白酒（浓香型）、米酒/黄酒
五、发酵食品 Fermented Foods,米酒/黄酒,酯类,十一酸乙酯,Ethyl undecanoate,627-90-7,,,米酒/黄酒
五、发酵食品 Fermented Foods,食醋,酯类,香草酸乙酯,Ethyl vanillate,617-05-0,990 mg/L,香草香、烘烤与咖啡香,米酒/黄酒、食醋（山西老陈醋）
五、发酵食品 Fermented Foods,米酒/黄酒,酯类,对羟基苯甲酸乙酯,Ethyl-4-hydroxybenzoate,120-47-8,,,米酒/黄酒
五、发酵食品 Fermented Foods,米酒/黄酒,酯类,Hexadecanoate,Hexadecanoate,143-20-4,,,米酒/黄酒
五、发酵食品 Fermented Foods,酱油,酯类,isoamyl benzoate,Isoamyl benzoate,94-46-2,,果香、甜香,酱油
五、发酵食品 Fermented Foods,米酒/黄酒,酯类,Isoamyl octanoate,Isoamyl octanoate,2035-99-6,,,米酒/黄酒
五、发酵食品 Fermented Foods,米酒/黄酒,酯类,Isobutyrate,Isobutyrate,5711-69-3,,,米酒/黄酒
五、发酵食品 Fermented Foods,米酒/黄酒,酯类,Isopentyl isobutyrate,Isopentyl isobutyrate,2050-01-3,,,米酒/黄酒
五、发酵食品 Fermented Foods,米酒/黄酒,酯类,二氢茉莉酮酸甲酯,Methyl dihydrojasmonate,24851-98-7,,,米酒/黄酒
五、发酵食品 Fermented Foods,食醋,酯类,乙酸正丙酯,N-propyl acetate,109-60-4,,果香、甜香,食醋（山西老陈醋）、米酒/黄酒
五、发酵食品 Fermented Foods,米酒/黄酒,酯类,Octyl formate,Octyl formate,112-32-3,,,米酒/黄酒
五、发酵食品 Fermented Foods,米酒/黄酒,酯类,异丁酸乙酯,Phenethyl isobutyrate,103-48-0,,果香、苦甜味,米酒/黄酒
五、发酵食品 Fermented Foods,米酒/黄酒,酯类,丁酸丙酯,Propyl butyrate,105-66-8,,,米酒/黄酒
五、发酵食品 Fermented Foods,酱油,酯类,S-甲基-3-甲基丁硫代酸酯,S -methyl-3-methylbutanethioate,,,奶酪香、肉汤香,酱油
五、发酵食品 Fermented Foods,酱油,酸类,丙酸,2-methyl-propanoic acid,79-31-2,"18,200 a μg/L（水/乙醇体系）；18,200 μg/L（乙醇-水体系）；2 mg/kg（蚝油/相关酶解物基质；原文引用阈值）",醋酸味、奶酪香、菠萝香、香蕉香、刺激性气味酸味,食醋（山西老陈醋）、白酒（浓香型）、白酒（浓香型、陈酿）、米酒/黄酒、酱油、茶叶（白茶）、蚝油
五、发酵食品 Fermented Foods,酱油,酸类,2-甲基丁酸,2-methylbutanoic acid,116-53-0,5932 a μg/L（水/乙醇体系）,汗味、酸味、奶酪香,白酒（浓香型）、酱油
五、发酵食品 Fermented Foods,米酒/黄酒,酸类,2-Oxobutyric acid,2-oxobutyric acid,600-18-0,,,米酒/黄酒
五、发酵食品 Fermented Foods,酱油,酸类,苯乙酸,2-phenylacetic acid,103-82-2,,蜂蜜香、甜香、热巧克力香,酱油
五、发酵食品 Fermented Foods,酱油,酸类,戊酸,3-methylpentanoic acid,105-43-1,389 a μg/L（水/乙醇体系）；389.11 μg/L（乙醇-水体系）,汗味、酸败味、酸味、奶酪香、酸味尖锐刺激味,酱油、白酒（浓香型、陈酿）、食醋（山西老陈醋）、白酒（浓香型）、米酒/黄酒、茶叶（白茶）
五、发酵食品 Fermented Foods,米酒/黄酒,酸类,Aspartic acid,Aspartic acid,56-84-8,"2,320 mg/L",平淡、酸味、苦味,米酒/黄酒
五、发酵食品 Fermented Foods,酱油,酸类,苯甲酸,Benzoic acid,65-85-0,85.000 ppm（水中香气检测阈值；鲜奶油感知模型）；- μg/L（原文引用嗅觉阈值；用于茶叶OAV计算）,刺激性气味、酸味、果香、花香、微弱香气、其他特征,奶油（鲜奶油香气模型）、牛乳、米酒/黄酒、茶叶（红茶）、酱油
五、发酵食品 Fermented Foods,米酒/黄酒,酸类,Citric acid,Citric acid,77-92-9,350 mg/L,无明显气味宜人香气酸味,米酒/黄酒
五、发酵食品 Fermented Foods,酱油,酸类,癸酸,Decanoic acid,334-48-5,"13,700 a μg/L（水/乙醇体系）；2800 μg/L（乙醇-水体系）；200 mg/kg（黄油研究引用的气味阈值；原表单位）",脂肪香、不愉悦气味、酸败味、汗味,牛乳（奶粉）、白酒（浓香型）、白酒（浓香型、陈酿）、米酒/黄酒、酱油、黄油、食醋（山西老陈醋）
五、发酵食品 Fermented Foods,米酒/黄酒,酸类,Fumaric acid,Fumaric acid,110-17-8,,无明显气味酸涩味、酸味-酸味,米酒/黄酒
五、发酵食品 Fermented Foods,米酒/黄酒,酸类,Glutamic acid,Glutamic acid,56-86-0,3 mg/L,肉香、咸味、清新香气,米酒/黄酒
五、发酵食品 Fermented Foods,食醋,酸类,庚酸,Heptanoic acid,111-14-8,"13,821.32 μg/L（乙醇-水体系）；3,000 mg/L",其他特征酸败味、酸味、汗味-、脂肪香、奶酪香,牛乳、白酒（浓香型、陈酿）、米酒/黄酒、食醋（山西老陈醋）
五、发酵食品 Fermented Foods,米酒/黄酒,酸类,十二酸,Lauric acid,143-07-7,700 mg/kg（黄油研究引用的气味阈值；原表单位）,脂肪香,牛乳（奶粉）、米酒/黄酒
五、发酵食品 Fermented Foods,米酒/黄酒,酸类,Malic acid,Malic acid,6915-15-7,350 mg/L,无明显气味微弱香气、辛辣刺激味、其他特征尖锐刺激味酸味,米酒/黄酒
五、发酵食品 Fermented Foods,米酒/黄酒,酸类,十四酸,Myristic acid,544-63-8,"12,000 mg/L；5000 mg/kg（黄油研究引用的气味阈值；原表单位）",微弱香气、蜡香、油脂香,牛乳（奶粉）、米酒/黄酒、黄油
五、发酵食品 Fermented Foods,米酒/黄酒,酸类,Nonadecanoic acid,Nonadecanoic acid,646-30-0,,脂肪酸味,米酒/黄酒
五、发酵食品 Fermented Foods,酱油,酸类,壬酸,Nonanoic acid,112-05-0,3560 μg/L（乙醇-水体系）,脂肪香、不愉悦气味、青香、奶酪香、汗味、蜡香,牛乳、牛肉汤、白酒（浓香型、陈酿）、米酒/黄酒、蚝油、酱油、食醋（山西老陈醋）、鸡肉汤
五、发酵食品 Fermented Foods,米酒/黄酒,酸类,Oxalic acid,Oxalic acid,144-62-7,,无明显气味酸味、酸涩味,米酒/黄酒
五、发酵食品 Fermented Foods,米酒/黄酒,酸类,十六酸,Palmitic acid,57-10-3,10000 mg/kg（黄油研究引用的气味阈值；原表单位）,无明显气味其他特征,牛乳（奶粉）、米酒/黄酒
五、发酵食品 Fermented Foods,米酒/黄酒,酸类,十五酸,Pentadecanoic acid,1002-84-2,,蜡香,牛乳、米酒/黄酒
五、发酵食品 Fermented Foods,米酒/黄酒,酸类,Pyruvic acid,Pyruvic acid,127-17-3,,酸味、宜人香气、酸味灼烧感、甜香,米酒/黄酒
五、发酵食品 Fermented Foods,米酒/黄酒,酸类,Stearic acid,Stearic acid,57-11-4,,其他特征-,米酒/黄酒
五、发酵食品 Fermented Foods,米酒/黄酒,酸类,Succinic acid,Succinic acid,110-15-6,200 mg/L,酸味、其他特征,米酒/黄酒
五、发酵食品 Fermented Foods,米酒/黄酒,酸类,Tartaric acid,Tartaric acid,87-69-4,300 mg/L,酸味,米酒/黄酒
五、发酵食品 Fermented Foods,米酒/黄酒,酸类,trans -Cinnamic acid,Trans -Cinnamic acid,,,肉桂香-,米酒/黄酒
五、发酵食品 Fermented Foods,食醋,酸类,十一酸,Undecanoic acid,112-37-8,,脂肪香,食醋（山西老陈醋）
五、发酵食品 Fermented Foods,白酒,醇类,"(±)-丁烷-2,3-二醇","(±)-butane-2,3-diol",,"50,000 μg/L（乙醇-水体系）",果香、奶油香,白酒（浓香型、陈酿）
五、发酵食品 Fermented Foods,白酒,醇类,"1,2-Propanediol","1,2-propanediol",57-55-6,4660 μg/L（乙醇-水体系）,,白酒（浓香型、陈酿）
五、发酵食品 Fermented Foods,米酒/黄酒,醇类,"1,6-Octadien-3-ol","1,6-octadien-3-ol",,0.22 mg/L,宜人香气花香,米酒/黄酒
五、发酵食品 Fermented Foods,米酒/黄酒,醇类,1-丁醇,1-butanol,71-36-3,"2730 a μg/L（水/乙醇体系）；150,000 mg/L",酒精味、溶剂味、香蕉香、甜香,白酒（浓香型）、米酒/黄酒
五、发酵食品 Fermented Foods,食醋,醇类,1-十二醇,1-dodecanol,112-53-8,,脂肪香、不愉悦气味、花香,米酒/黄酒、食醋（山西老陈醋）
五、发酵食品 Fermented Foods,米酒/黄酒,醇类,1-庚醇,1-heptanol,111-70-6,"26,600 a μg/L（水/乙醇体系）；26,600 μg/L（乙醇-水体系）；5.4 mg/L",蘑菇香、其他特征、酒精味、芳香、木香、油脂香,牛肉汤、白酒（浓香型）、米酒/黄酒、茶叶（白茶）、鸡肉汤、白酒（浓香型、陈酿）
五、发酵食品 Fermented Foods,米酒/黄酒,醇类,1-壬醇,1-nonanol,143-08-8,806 a μg/L（水/乙醇体系）；45.5 mg/L,脂肪香、青香、花香、其他特征、玫瑰香其他特征-,白酒（浓香型）、米酒/黄酒、茶叶（白茶）
五、发酵食品 Fermented Foods,米酒/黄酒,醇类,1-丙醇,1-propanol,71-23-8,"54,000 a μg/L（水/乙醇体系）；160,000 mg/L",酒精味、苹果香、苦味,白酒（浓香型）、米酒/黄酒
五、发酵食品 Fermented Foods,食醋,醇类,1-四癸醇,1-tetradecanol,112-72-1,,蜡香,食醋（山西老陈醋）
五、发酵食品 Fermented Foods,酱油,醇类,"2,3-Butanediol","2,3-butanediol",513-85-9,"120,000 mg/L",果香、洋葱味、黄油香、奶油香,白酒（浓香型）、米酒/黄酒、酱油、食醋（山西老陈醋）
五、发酵食品 Fermented Foods,白酒,醇类,2-丁醇,2-butanol,78-92-2,"50,000 μg/L（乙醇-水体系）",果香,白酒（浓香型）、白酒（浓香型、陈酿）
五、发酵食品 Fermented Foods,米酒/黄酒,醇类,2-庚醇,2-heptanol,543-49-7,1430 a μg/L（水/乙醇体系）；1433.94 μg/L（乙醇-水体系）,果香、清新香气其他特征-,白酒（浓香型）、米酒/黄酒、茶叶（白茶）、白酒（浓香型、陈酿）
五、发酵食品 Fermented Foods,酱油,醇类,2-甲基-1-丁醇（活性戊醇）,2-methyl-1-butanol,137-32-6,69.6 mg/L,其他特征-麦芽香-、麦芽香、酒精味,茶叶（白茶）、酱油、米酒/黄酒
五、发酵食品 Fermented Foods,酱油,醇类,2-甲基-1-丙醇（异丁醇）,2-methyl-1-propanol,78-83-1,"28,300 a μg/L（水/乙醇体系）；360 mg/L；651 mg/L",其他特征-指甲油气味-、苦味、溶剂味、酒精味,米酒/黄酒、酱油、食醋（山西老陈醋）、白酒（浓香型）、白酒（各香型）、黄酒、米酒、发酵食品
五、发酵食品 Fermented Foods,米酒/黄酒,醇类,2-壬醇,2-nonanol,628-99-9,,蜡香奶油香,米酒/黄酒、茶叶（白茶）
五、发酵食品 Fermented Foods,米酒/黄酒,醇类,2-辛醇,2-octanol,123-96-6,,辛香青香,米酒/黄酒、茶叶（白茶）
五、发酵食品 Fermented Foods,米酒/黄酒,醇类,2-Vinyl-ethanol,2-vinyl-ethanol,,,,米酒/黄酒
五、发酵食品 Fermented Foods,食醋,醇类,3-Ethoxy-1-propanol,3-ethoxy-1-propanol,111-35-3,,果香,米酒/黄酒、食醋（山西老陈醋）
五、发酵食品 Fermented Foods,米酒/黄酒,醇类,2-戊醇,3-ethylpentan-2-ol,609-27-8,,,米酒/黄酒
五、发酵食品 Fermented Foods,酱油,醇类,3-甲基-1-丁醇（异戊醇）,3-methyl-1-butanol,123-51-3,"179,000 a μg/L（水/乙醇体系）；37,400 μg/L（乙醇-水体系）；1,000 mg/L",其他特征、麦芽香、其他特征-麦芽香-、酒精味,米酒/黄酒、茶叶（白茶）、酱油、白酒（浓香型、陈酿）、白酒（浓香型）、蚝油、发酵食品、白酒（各香型）、黄酒、米酒
五、发酵食品 Fermented Foods,米酒/黄酒,醇类,3-辛烯醇,3-octenol,,,,米酒/黄酒
五、发酵食品 Fermented Foods,食醋,醇类,3-苯基丙醇,3-phenylpropanol,122-97-4,,花香,食醋（山西老陈醋）
五、发酵食品 Fermented Foods,酱油,醇类,4-vinylsyringol,4-vinylsyringol,28343-22-8,,辛香,酱油
五、发酵食品 Fermented Foods,米酒/黄酒,醇类,7-Methanoazulen- 6-ol,7-methanoazulen- 6-ol,,,,米酒/黄酒
五、发酵食品 Fermented Foods,蚝油,醇类,苯甲醇,Benzyl alcohol,100-51-6,"20,000 mg/L；11,076 * μg/L（原文引用嗅觉阈值；用于茶叶OAV计算）",花香甜香、花香、甜香、果香,茶叶（白茶）、茶叶（红茶）、茶叶（黄茶）、茶汤（红茶冲泡液）、蚝油、食醋（山西老陈醋）、米酒/黄酒
五、发酵食品 Fermented Foods,食醋,醇类,柏木醇,Cedrol,77-53-2,,烟熏香、木香,茶叶（黄茶）、食醋（山西老陈醋）
五、发酵食品 Fermented Foods,米酒/黄酒,醇类,Cyclohexanol,Cyclohexanol,108-93-0,,,米酒/黄酒
五、发酵食品 Fermented Foods,酱油,醇类,乙醇,Ethanol,64-17-5,"1,100 mg/L",宜人香气、果香、刺激性气味、甜香、酒精味、溶剂味,米酒/黄酒、酱油
五、发酵食品 Fermented Foods,米酒/黄酒,醇类,Isopropanol,Isopropanol,67-63-0,,酒精味、不愉悦气味、灼烧感,米酒/黄酒
五、发酵食品 Fermented Foods,米酒/黄酒,醇类,l -menthol,L -menthol,,810 mg/L,,米酒/黄酒
五、发酵食品 Fermented Foods,白酒,醇类,Octan-3-ol,Octan-3-ol,589-98-0,6.12 μg/L（乙醇-水体系）,蘑菇香,白酒（浓香型、陈酿）
五、发酵食品 Fermented Foods,白酒,醇类,Pentan-2-ol,Pentan-2-ol,6032-29-7,"194,000 μg/L（乙醇-水体系）",油脂香、发酵香,白酒（浓香型、陈酿）
五、发酵食品 Fermented Foods,米酒/黄酒,醇类,苯基乙醇,Phenyl ethanol,98-85-1,"1,100 mg/L",花香、蜂蜜香、苦味,米酒/黄酒
五、发酵食品 Fermented Foods,米酒/黄酒,醇类,四乙二醇,Tetraethylene glycol,112-60-7,,,米酒/黄酒
五、发酵食品 Fermented Foods,米酒/黄酒,醇类,Thymol,Thymol,89-83-8,,,米酒/黄酒
五、发酵食品 Fermented Foods,食醋,醇类,trans-Isoeugenol,Trans-isoeugenol,97-54-1,,辛香,食醋（山西老陈醋）
五、发酵食品 Fermented Foods,食醋,醇类,α-甲基苯乙醇,Α-methyl-benzeneethanol,,,花香,食醋（山西老陈醋）
五、发酵食品 Fermented Foods,白酒,醇类,β-苯基乙醇,Β-phenylethanol,,"28,900 μg/L（乙醇-水体系）",花香,白酒（浓香型、陈酿）
五、发酵食品 Fermented Foods,米酒/黄酒,醛类,(E)-2-戊烯醛,(E)-2-Pentenal,1576-87-0,980 mg/L,青香果香、青香、苹果香,米酒/黄酒、茶叶（白茶）、茶汤（红茶冲泡液）
五、发酵食品 Fermented Foods,白酒,醛类,(E)-Hept-2-enal,(E)-Hept-2-enal,,2112.01 μg/L（乙醇-水体系）,青香、脂肪香,白酒（浓香型、陈酿）
五、发酵食品 Fermented Foods,白酒,醛类,(E)-Non-2-enal,(E)-Non-2-enal,,50.5 μg/L（乙醇-水体系）,黄瓜香、青香,白酒（浓香型、陈酿）
五、发酵食品 Fermented Foods,白酒,醛类,(E)-Oct-2-enal,(E)-Oct-2-enal,,15.1 μg/L（乙醇-水体系）,青香、黄瓜香,白酒（浓香型、陈酿）
五、发酵食品 Fermented Foods,蚝油,醛类,(E)-2-癸烯醛,(E)-2-decenal,3913-81-3,,蜡香泥土香、青香,茶叶（白茶）、蚝油
五、发酵食品 Fermented Foods,米酒/黄酒,醛类,"2,4-Pentadienal","2,4-pentadienal",764-40-9,"14,100 mg/L",,米酒/黄酒
五、发酵食品 Fermented Foods,食醋,醛类,2-甲基-2-丁烯醛,2-methyl-2-butenal,1115-11-3,,其他特征、强烈香气、青香、醚香、霉土味其他特征-、异臭,米酒/黄酒、茶叶（白茶）、食醋（山西老陈醋）
五、发酵食品 Fermented Foods,米酒/黄酒,醛类,2-甲基苯甲醛,2-methylbenzaldehyde,529-20-4,200 mg/L,,米酒/黄酒
五、发酵食品 Fermented Foods,酱油,醛类,2-甲基丙醛,2-methylpropanal,78-84-2,1300 a μg/L（水/乙醇体系）；1.9 μg/L（原文引用嗅觉阈值；用于茶叶OAV计算）,青草香、清新醛香、麦芽香、坚果香,白酒（浓香型）、茶叶（红茶）、酱油、米酒/黄酒
五、发酵食品 Fermented Foods,米酒/黄酒,醛类,2-苯基-2-丁烯醛,2-phenyl-2-butenal,4411-89-6,- μg/L（原文引用嗅觉阈值；用于茶叶OAV计算）,青香、花香、木香、其他特征其他特征,米酒/黄酒、茶叶（红茶）
五、发酵食品 Fermented Foods,食醋,醛类,2-Phenyl-3-(2-furyl)-propenal,2-phenyl-3-(2-furyl)-propenal,57568-60-2,,草本香、酸败味,食醋（山西老陈醋）
五、发酵食品 Fermented Foods,米酒/黄酒,醛类,2-三癸烯醛,2-tridecenal,7774-82-5,,,米酒/黄酒
五、发酵食品 Fermented Foods,食醋,醛类,5-甲基-2-苯基-2-己烯醛,5-methyl-2-phenyl-2-hexenal,21834-92-4,,果香,食醋（山西老陈醋）、米酒/黄酒
五、发酵食品 Fermented Foods,米酒/黄酒,醛类,Cinnamaldehyde,Cinnamaldehyde,104-55-2,160 mg/L,肉桂香-,米酒/黄酒
五、发酵食品 Fermented Foods,米酒/黄酒,醛类,异丁醛,Isobutyraldehyde diethyl acetal,1741-41-9,,,米酒/黄酒
五、发酵食品 Fermented Foods,酱油,醛类,Isovaleraldehyde,3-methyl-butanal,590-86-3,17 a μg/L（水/乙醇体系）；120 mg/L；1.1 mg/L,麦芽香、坚果香、青香、巧克力香、可可香,米酒/黄酒、食醋（山西老陈醋）、牛肉汤、白酒（浓香型）、茶叶（白茶）、茶叶（红茶）、蚝油、酱油、鸡肉汤、醋、可可、麦芽、白酒（各香型）、黄酒、米酒
五、发酵食品 Fermented Foods,蚝油,醛类,戊醛,Pentanal,110-62-3,22 μg/L（原文引用嗅觉阈值；用于茶叶OAV计算）,其他特征坚果香、发酵香、其他特征,米酒/黄酒、茶叶（白茶）、茶叶（红茶）、蚝油
五、发酵食品 Fermented Foods,米酒/黄酒,醛类,丙醛,Propanal,123-38-6,,酒精味、溶剂味,米酒/黄酒
五、发酵食品 Fermented Foods,酱油,醛类,"trans -4,5-epoxy-(E)-2-decenal","Trans -4,5-epoxy-(E)-2-decenal",,,金属味,酱油
五、发酵食品 Fermented Foods,食醋,醛类,苯乙醛,Α-(2-methylpropylidene)-benzeneacetaldehyde,55088-52-3,,可可香,食醋（山西老陈醋）
五、发酵食品 Fermented Foods,食醋,内酯类,γ-Undecalactone,γ-Undecalactone,,,果香,食醋（山西老陈醋）
五、发酵食品 Fermented Foods,酱油,吡嗪类,"2,3-二乙基-5-甲基吡嗪","2,3-diethyl-5-methyl-pyrazine",18138-04-0,,烤土豆香,蚝油、茶叶（黄茶）、酱油
五、发酵食品 Fermented Foods,酱油,吡嗪类,"2,6-二甲基吡嗪","2,6-dimethyl-pyrazine",108-50-9,13.7 mg/l；6.00 μg/l（原文引用嗅觉阈值；用于茶叶OAV计算）,烘烤香花生香,食醋（山西老陈醋）、白酒（浓香型）、米酒/黄酒、茶叶（红茶）、酱油
五、发酵食品 Fermented Foods,白酒,酯类,Hexyl hexanoate,Hexyl hexanoate,6378-65-0,1890 μg/l（乙醇-水体系）,草本香、青草香、草本香清新香气,白酒（浓香型、陈酿）、茶叶（白茶）
五、发酵食品 Fermented Foods,白酒,醛类,"( E , E )-2,4-Decadienal","( E , E )-2,4-Decadienal",2363-88-4,7.71 μg/l（乙醇-水体系）,其他特征、脂肪香、肉香,牛肉汤、白酒（浓香型、陈酿）、茶叶（白茶）、茶汤（红茶冲泡液）、鸡肉汤
五、发酵食品 Fermented Foods,酱油,酚类,愈创木酚（2-甲氧基苯酚）,Guaiacol (2-Methoxyphenol),90-05-1,约 3.2–13.4 μg/L（水/乙醇体系）,烟熏香、甜香、木香、辛香、酚香,酱油、醋、黄酒、白酒、烟熏食品、咖啡、蚝油、米酒/黄酒
五、发酵食品 Fermented Foods,蚝油,含硫化合物,3-甲基-2-丁烯-1-硫醇,3-Methyl-2-butene-1-thiol,5287-45-6,约 0.007–0.1 μg/L（水/食品基质）,洋葱、大蒜、硫臭味、猫尿味,蚝油、牡蛎酶解液、啤酒、光照损伤啤酒
五、发酵食品 Fermented Foods,酱油,酚类,4-乙基愈创木酚,4-Ethylguaiacol,2785-89-9,约 25–123 μg/L（水/乙醇体系）,辛香、烟熏香、丁香香、花香、香草香,酱油、醋、黄酒、白酒、威士忌、咖啡、酿造醋（山西老陈醋）、白酒（酱香型、芝麻香型等）、米酒/黄酒
五、发酵食品 Fermented Foods,酱油,酸类,3-甲基丁酸（异戊酸）,3-Methylbutanoic acid (Isovalericacid),503-74-2,约 148–1050 μg/L（水/乙醇体系）,酸败味、奶酪香、汗味、刺激性酸味,酱油、醋、米酒/黄酒、奶酪、发酵乳制品、酿造醋（山西老陈醋）、发酵食品
五、发酵食品 Fermented Foods,酱油,呋喃/呋喃酮类,5-甲基糠醛,5-Methylfurfural,620-02-0,约 2.4–20 mg/L（水/乙醇体系）,烘烤香、咖啡香、焦糖香、甜香,酿造醋、酱油、黄酒、白酒、咖啡
五、发酵食品 Fermented Foods,酱油,呋喃/呋喃酮类,5-乙基-4-羟基-2-甲基-3(2H)-呋喃酮（HEMF/同呋喃酮）,5-Ethyl-4-hydroxy-2-methyl-3(2H)-furanone (HEMF/Homofuraneol),27538-09-6,约 0.5–5 μg/L（水）；酱油中极低阈值,酱香、焦糖香、枫糖香、烘烤香、坚果香,酱油（日本/中国）、味噌、咖啡、菠萝
